"id"	"source_hash"	"verdict"	"reviewer"	"method"
"block:block.plushie_buddies.plushie_allay_skull"	"sha256:b380bf35b7d3473c27be5be98ebbd17dc5010fec3871af7469ffd7a66836744b"	"PASS"	"/root/original_registry_n_review"	"english_source_context_family_review"
"block:block.plushie_buddies.workbench"	"sha256:a4e733eebdd37c3ad6d3a0edc6fab8d8efd4487598fa42ec8cd1ee3e119914e3"	"PASS"	"/root/original_registry_n_review"	"english_source_context_family_review"
"block:block.storagedrawers.compacting_drawers_2"	"sha256:2faab2fe6dc80de996768abc6f6572cd6ed9f03575cc27b7fdd572d8e387a66f"	"PASS"	"/root/original_registry_n_review"	"english_source_context_family_review"
"block:block.storagedrawers.compacting_drawers_3"	"sha256:b69feb61496b1949261e7c16a61e44c8dd5a963bcf4f4f27edb93377863f21dc"	"PASS"	"/root/original_registry_n_review"	"english_source_context_family_review"
"block:block.storagedrawers.compacting_half_drawers_2"	"sha256:403f3380a15d662a6fd56bc45b485e11a72e00b0f727f6df3c396bf74ea0f03f"	"PASS"	"/root/original_registry_n_review"	"english_source_context_family_review"
"block:block.storagedrawers.compacting_half_drawers_3"	"sha256:29f3f15809d02e08b0295d2914bbe9b2a5f4ea90bd1401d87a0966363cb6ef55"	"PASS"	"/root/original_registry_n_review"	"english_source_context_family_review"
"block:block.storagedrawers.controller"	"sha256:8ad36c8476de21ba70ab8a61c268b7e05f71d528791bdfa986d8f1135a5dd1fc"	"PASS"	"/root/original_registry_n_review"	"english_source_context_family_review"
"block:block.storagedrawers.controller_slave"	"sha256:ed0e37eab653373b5026abe2ed373869d719434cbb26ab20c50ac81938c768cd"	"PASS"	"/root/original_registry_n_review"	"english_source_context_family_review"
"block:block.storagedrawers.framed_controller_io"	"sha256:f19104e845fdee2e5c91722a885df0fd828ad269e93ff5d1c4c732bc4980bb32"	"PASS"	"/root/original_registry_n_review"	"english_source_context_family_review"
"block:block.storagedrawers.keybutton_concealment"	"sha256:0f1970e429c309c9c453eaa0f44117aa6eb3cb0123ef121dbeb79fe130011b18"	"PASS"	"/root/original_registry_n_review"	"english_source_context_family_review"
"block:block.storagedrawers.keybutton_drawer"	"sha256:396ce8858a74a3121ef76712df9ca7e3fa5439d932faeb89c80be4a4d07ca9df"	"PASS"	"/root/original_registry_n_review"	"english_source_context_family_review"
"block:block.storagedrawers.keybutton_personel"	"sha256:e2c80c708f910de95114450da45e24df577e1a76a2eccd0d2531829b89e78382"	"PASS"	"/root/original_registry_n_review"	"english_source_context_family_review"
"block:block.storagedrawers.keybutton_quantify"	"sha256:20c6be4ff5bad67ba0d1f6c4618d0eee812d019770496147a6bdb7967ceef2e4"	"PASS"	"/root/original_registry_n_review"	"english_source_context_family_review"
"block:block.supplementaries.awning_dark_gray"	"sha256:47511238904e4b2960aa60bdbba24499f86cbab4039b1efa4ba6e4c48d6d2e47"	"PASS"	"/root/original_registry_n_review"	"english_source_context_family_review"
"block:block.supplementaries.candle_holder_cupric"	"sha256:a955d68b417ce6b97f5efcef52644b41fd4aac752c5bfc649d98a8c04b392e99"	"PASS"	"/root/original_registry_n_review"	"english_source_context_family_review"
"block:block.supplementaries.candle_holder_ender"	"sha256:ff10b0929e0d6ab62c6b25873a1f254866596f64eb7c8f4580f6e26f9b136729"	"PASS"	"/root/original_registry_n_review"	"english_source_context_family_review"
"block:block.supplementaries.candle_holder_soul"	"sha256:255e0793aff897db274a6b299859ec4130d280acf5b8e29d73d15b39dcb13bc2"	"PASS"	"/root/original_registry_n_review"	"english_source_context_family_review"
"block:block.supplementaries.candle_holder_spectacle"	"sha256:908bc156bd7ebc0e3a600fbcfb6bf987b49ee125fb18f9d9df1d1cd1885c0ba8"	"PASS"	"/root/original_registry_n_review"	"english_source_context_family_review"
"block:block.supplementaries.cracked_bell"	"sha256:8b1f824ab5a83735454d0e5f19b8294e46ae14026fa79f64a5209d665af39c87"	"PASS"	"/root/original_registry_n_review"	"english_source_context_family_review"
"block:block.supplementaries.daub"	"sha256:6b553c71b63cdaac6a71314f9588c1130e3a3ea3449764305e8b8a2d15cdd215"	"PASS"	"/root/original_registry_n_review"	"english_source_context_family_review"
"block:block.supplementaries.daub_cross_brace"	"sha256:51daad886cce865580c8d3ee71848393007c96d713247ba63a9c06207b81f800"	"PASS"	"/root/original_registry_n_review"	"english_source_context_family_review"
"block:block.supplementaries.diode_block"	"sha256:f2314349e7d96701268055aa5fbdf2dad6700ff349405203667246a40e5888eb"	"PASS"	"/root/original_registry_n_review"	"english_source_context_family_review"
"block:block.supplementaries.drawers"	"sha256:ed14110fccb312d019acb0cf32b5c0ae5e9c62f0838cd0ab7b5d69651227eb7c"	"PASS"	"/root/original_registry_n_review"	"english_source_context_family_review"
"block:block.supplementaries.edelwood_stick"	"sha256:b4c75c0a3609d3f3287137d33d92a33cdd81953983d7d35f07d871911cddb00c"	"PASS"	"/root/original_registry_n_review"	"english_source_context_family_review"
"block:block.supplementaries.item_shelf"	"sha256:b566ddae75e34fec871ea1fb510941aa5ff24aafbcbf5eeba7577bc8257d4214"	"PASS"	"/root/original_registry_n_review"	"english_source_context_family_review"
"block:block.supplementaries.jar_tinted"	"sha256:8c2f1165ed4cbfd66cf5181585d282e35054e68d3e880b3e7c4e343168fe6c0b"	"PASS"	"/root/original_registry_n_review"	"english_source_context_family_review"
"block:block.supplementaries.label"	"sha256:0e66373f45dcf3dd656151e519f7ee5e3d558d9c22cb87df339bbdd2b6c6a3c1"	"PASS"	"/root/original_registry_n_review"	"english_source_context_family_review"
"block:block.supplementaries.mob_jar"	"sha256:bbe4b7bf10387d58224b11d92a21dfcc8b88442bc3c77d0f0b7bf9b916781165"	"PASS"	"/root/original_registry_n_review"	"english_source_context_family_review"
"block:block.supplementaries.prismarine_rod"	"sha256:94d81ddf4319299e73b24860579ec30d035206189113ce67bd6cf4e35db7382b"	"PASS"	"/root/original_registry_n_review"	"english_source_context_family_review"
"block:block.supplementaries.propelplant_cane"	"sha256:de09c18770652fa4b22b586356a3a161233fcf48543f167bec8e4c60f6e27442"	"PASS"	"/root/original_registry_n_review"	"english_source_context_family_review"
"block:block.supplementaries.rope_ender_chandelier"	"sha256:ec7d1843e4ac7da6f7f98511bc5e899a377d077315c2521bf714a98ac2ffb71e"	"PASS"	"/root/original_registry_n_review"	"english_source_context_family_review"
"block:block.supplementaries.rope_glow_chandelier"	"sha256:9762d5bb9919cbc4b5cfd53af80c7a8475a7b1164df9e610bf681f9974f425ed"	"PASS"	"/root/original_registry_n_review"	"english_source_context_family_review"
"block:block.supplementaries.sconce_ender"	"sha256:43893cde8ecd1cf6de0f88394284fd33c423de9784e76e2b3a8dc83555279f3b"	"PASS"	"/root/original_registry_n_review"	"english_source_context_family_review"
"block:block.supplementaries.sconce_glow"	"sha256:bf8388eff81b4e5999cd4e5034418aff2c8701019192b5772ca799964446ef42"	"PASS"	"/root/original_registry_n_review"	"english_source_context_family_review"
"block:block.supplementaries.sconce_nether_brass"	"sha256:d894f83891ae8400d13da5519d8a92b87a4df2837b625006b9a0af2698c92af7"	"PASS"	"/root/original_registry_n_review"	"english_source_context_family_review"
"block:block.supplementaries.sconce_wall_ender"	"sha256:e5a696043d254b246c7637fbaa26ba703dc79d3495198c8397b6b12d10546d75"	"PASS"	"/root/original_registry_n_review"	"english_source_context_family_review"
"block:block.supplementaries.sconce_wall_glow"	"sha256:b8f9483417ac0969b80c095ed2b68e8630bb98a901e16f39485c2016024ef8d6"	"PASS"	"/root/original_registry_n_review"	"english_source_context_family_review"
"block:block.supplementaries.sconce_wall_nether_brass"	"sha256:ee5ebd25b448485bd72d7ebd093554318652cb55e7ae59b147c9c01e34c6d097"	"PASS"	"/root/original_registry_n_review"	"english_source_context_family_review"
"block:block.supplementaries.soul_jar"	"sha256:74bd367dc9feb14943fbed1599a7cd352fa1c428ee024d7439a4ab140ed7bf10"	"PASS"	"/root/original_registry_n_review"	"english_source_context_family_review"
"block:block.supplementaries.tater_in_a_jar"	"sha256:8b33b75d4595485dec8f7b8228027064a2ed5a43b0d6519856ebd37c3ab10ff7"	"PASS"	"/root/original_registry_n_review"	"english_source_context_family_review"
"block:block.supplementaries.timber_brace"	"sha256:c0a784489210fc8d30eab8dc2a138718b8b26f90ebb27ddf778bf8a07fcca38b"	"PASS"	"/root/original_registry_n_review"	"english_source_context_family_review"
"block:block.supplementaries.timber_cross_brace"	"sha256:2eeaf2b02bbd5e4ba0b7eda85b415a83f1e566c09f1a594446317d6b10d5edda"	"PASS"	"/root/original_registry_n_review"	"english_source_context_family_review"
"block:block.supplementaries.timber_frame"	"sha256:ebbba06d4591eb9d1a4b1297abb953ebc21713f2b2c57d56f65e4ed3a3e03e81"	"PASS"	"/root/original_registry_n_review"	"english_source_context_family_review"
"block:block.tconstruct.blazewood"	"sha256:0c7c584e09271321277852ad959bd02126e99f2d086e985e12ca7b5d115982f4"	"PASS"	"/root/original_registry_n_review"	"english_source_context_family_review"
"block:block.tconstruct.blazewood_slab"	"sha256:ca0c3f8fe6ca3c6140b2b1cd5c45f9cfc75eaf5b8bbc3d335799ce310d4fbd5b"	"PASS"	"/root/original_registry_n_review"	"english_source_context_family_review"
"block:block.tconstruct.blazewood_stairs"	"sha256:3944aa6f3c3998257ec6073cfdd94cef0bf27c2e81aebb1f748948b972ede5ea"	"PASS"	"/root/original_registry_n_review"	"english_source_context_family_review"
"block:block.tconstruct.blood_congealed_slime"	"sha256:f553a8d69e9f1d3d9929be52f0957ebf7627f2badbcbb898c860a402adec3a78"	"CHANGE"	"/root/original_registry_n_review"	"english_source_context_family_review"
"block:block.tconstruct.blood_earth_slime_grass"	"sha256:f9d4d06199e7954e4c4b66f1f986bbe36a8a3f5060138826d7bb5b457c815902"	"PASS"	"/root/original_registry_n_review"	"english_source_context_family_review"
"block:block.tconstruct.blood_ender_slime_grass"	"sha256:f9d4d06199e7954e4c4b66f1f986bbe36a8a3f5060138826d7bb5b457c815902"	"PASS"	"/root/original_registry_n_review"	"english_source_context_family_review"
"block:block.tconstruct.blood_ichor_slime_grass"	"sha256:f9d4d06199e7954e4c4b66f1f986bbe36a8a3f5060138826d7bb5b457c815902"	"PASS"	"/root/original_registry_n_review"	"english_source_context_family_review"
"block:block.tconstruct.blood_sky_slime_grass"	"sha256:f9d4d06199e7954e4c4b66f1f986bbe36a8a3f5060138826d7bb5b457c815902"	"PASS"	"/root/original_registry_n_review"	"english_source_context_family_review"
"block:block.tconstruct.blood_slime"	"sha256:003c9df71b56b4e2b1414b4f33217180e7f4d06b2e227c993407349adfafb183"	"CHANGE"	"/root/original_registry_n_review"	"english_source_context_family_review"
"block:block.tconstruct.blood_slime_fern"	"sha256:40898b276b2f800f3d8200550fc73575099a03c76f2c30b5aaceb121c29a2c9a"	"CHANGE"	"/root/original_registry_n_review"	"english_source_context_family_review"
"block:block.tconstruct.blood_slime_leaves"	"sha256:31db7fe0d7d4cb737b74ba59e8844207dd6155f9ebe530dc1a41d671c36271da"	"CHANGE"	"/root/original_registry_n_review"	"english_source_context_family_review"
"block:block.tconstruct.blood_slime_tall_grass"	"sha256:c5f9c3b313280d5bbb58aa40a479cb4c86aeea1ea460134606b364764328cc6c"	"CHANGE"	"/root/original_registry_n_review"	"english_source_context_family_review"
"block:block.tconstruct.bloodshroom_button"	"sha256:56ca307e594115c2c385b3b409d83de7173b781423854df4545111a65b7699d2"	"PASS"	"/root/original_registry_n_review"	"english_source_context_family_review"
"block:block.tconstruct.bloodshroom_door"	"sha256:97e0542a3e21c13afa3e1e7f9ce90f817f9857086a5f1bd58e2eaa94812e4ffe"	"PASS"	"/root/original_registry_n_review"	"english_source_context_family_review"
"block:block.tconstruct.bloodshroom_fence"	"sha256:ca4e03f38668766e04197003405645221c4e98765c49260863d16b6137d4981d"	"PASS"	"/root/original_registry_n_review"	"english_source_context_family_review"
"block:block.tconstruct.bloodshroom_fence_gate"	"sha256:196e01c34ed93d2d39fa177cd2fe35feb9f40c37ff8e3ed3ce66852915bdf1e4"	"PASS"	"/root/original_registry_n_review"	"english_source_context_family_review"
"block:block.tconstruct.bloodshroom_log"	"sha256:194e815f5be0d739094700dec6cf1110dcd9f5f38c96bfc0fb5a1c2eb34e81fd"	"PASS"	"/root/original_registry_n_review"	"english_source_context_family_review"
"block:block.tconstruct.bloodshroom_planks"	"sha256:43f61d39bba2aee019d17853f75b9d7e8909ae3b8c029a241f6001e5400f1da2"	"PASS"	"/root/original_registry_n_review"	"english_source_context_family_review"
"block:block.tconstruct.bloodshroom_planks_slab"	"sha256:57fb074484cbe9babd8039e35600f822fcc5214af1666200e80f77673956b9d9"	"PASS"	"/root/original_registry_n_review"	"english_source_context_family_review"
"block:block.tconstruct.bloodshroom_planks_stairs"	"sha256:696e72a485d130032bc88d99c1bd3e910e5151d3f386d2508ce219c0d6861731"	"PASS"	"/root/original_registry_n_review"	"english_source_context_family_review"
"block:block.tconstruct.bloodshroom_pressure_plate"	"sha256:284729ff8afb6ed3583e4e7ea9433f19272baf21d2879d57e865cf4822a5800d"	"PASS"	"/root/original_registry_n_review"	"english_source_context_family_review"
"block:block.tconstruct.bloodshroom_sign"	"sha256:eaf55b015359c5aa5a874d1433a14f64361b47b93351a9fdcb8b01a836de6d2e"	"PASS"	"/root/original_registry_n_review"	"english_source_context_family_review"
"block:block.tconstruct.bloodshroom_trapdoor"	"sha256:383734daddd2856a87f83371f1d667fe4344d4b48b53ddc9fc6add5df27c6e9d"	"PASS"	"/root/original_registry_n_review"	"english_source_context_family_review"
"block:block.tconstruct.bloodshroom_wall_sign"	"sha256:eaf55b015359c5aa5a874d1433a14f64361b47b93351a9fdcb8b01a836de6d2e"	"PASS"	"/root/original_registry_n_review"	"english_source_context_family_review"
"block:block.tconstruct.bloodshroom_wood"	"sha256:f8fc7c38e2ac63c74567dc63f56c078b5f4633ac067a1a6fb8aa6cdfdab64b20"	"PASS"	"/root/original_registry_n_review"	"english_source_context_family_review"
"block:block.tconstruct.budding_earth_slime_crystal"	"sha256:8e55930cf22906f546634be7afca99c861a69fcfcb9b434d10263a03bce69d49"	"PASS"	"/root/original_registry_n_review"	"english_source_context_family_review"
"block:block.tconstruct.clear_frame"	"sha256:b96d34eb0ede0c6f6521e5f4b226700a6c929747d0bba909a68084be6446dfda"	"PASS"	"/root/original_registry_n_review"	"english_source_context_family_review"
"block:block.tconstruct.cobalt_frame"	"sha256:a168fe7737ec9c0c8823aa9636431f0470bc8fa628dc058cb3c70a6af9298f44"	"PASS"	"/root/original_registry_n_review"	"english_source_context_family_review"
"block:block.tconstruct.earth_cake"	"sha256:9251103e1419be47dbd378779828b3555665562450c54b706a97b4a70364d8e7"	"CHANGE"	"/root/original_registry_n_review"	"english_source_context_family_review"
"block:block.tconstruct.earth_earth_slime_grass"	"sha256:95dbb9a3390b8bbf61b4763ee440fac6be90279df5abb2559cf48034c6ffe20c"	"PASS"	"/root/original_registry_n_review"	"english_source_context_family_review"
"block:block.tconstruct.earth_ender_slime_grass"	"sha256:95dbb9a3390b8bbf61b4763ee440fac6be90279df5abb2559cf48034c6ffe20c"	"PASS"	"/root/original_registry_n_review"	"english_source_context_family_review"
"block:block.tconstruct.earth_ichor_slime_grass"	"sha256:95dbb9a3390b8bbf61b4763ee440fac6be90279df5abb2559cf48034c6ffe20c"	"PASS"	"/root/original_registry_n_review"	"english_source_context_family_review"
"block:block.tconstruct.earth_sky_slime_grass"	"sha256:95dbb9a3390b8bbf61b4763ee440fac6be90279df5abb2559cf48034c6ffe20c"	"PASS"	"/root/original_registry_n_review"	"english_source_context_family_review"
"block:block.tconstruct.earth_slime_crystal_block"	"sha256:8c4dba3ade24baccf5e5b3b6715b4e2fa35d1d2fb36ad3a78d9063848af1401b"	"CHANGE"	"/root/original_registry_n_review"	"english_source_context_family_review"
"block:block.tconstruct.earth_slime_crystal_cluster"	"sha256:5cfa13fd53d68a744cf35c1ff4bd21a76b92412feb628ced3fbc3e6da2576ddf"	"CHANGE"	"/root/original_registry_n_review"	"english_source_context_family_review"
"block:block.tconstruct.earth_slime_dirt"	"sha256:d2b16c357c5712774fe2ff19e927c673b18dc97c88bd677d184c247d1af63641"	"CHANGE"	"/root/original_registry_n_review"	"english_source_context_family_review"
"block:block.tconstruct.earth_slime_fern"	"sha256:9179c29f6d1aa69249a92592e207ce6a625dd9d12b58208c2e0b50a9046e93ab"	"PASS"	"/root/original_registry_n_review"	"english_source_context_family_review"
"block:block.tconstruct.earth_slime_fluid"	"sha256:3239e38d95b6c2c6d8cc003c8f127d0d6596d50f818c48ec12f23b882284d754"	"CHANGE"	"/root/original_registry_n_review"	"english_source_context_family_review"
"block:block.tconstruct.earth_slime_leaves"	"sha256:4823eab1377d975b97d6ecf7526c092626f1ac690b93c67e5a2445a5e7e9ff98"	"PASS"	"/root/original_registry_n_review"	"english_source_context_family_review"
"block:block.tconstruct.earth_slime_tall_grass"	"sha256:838e4cfaf5e94836df3cc9d2eaf8bae68cd0b19705f20a8f85a5005e79839732"	"PASS"	"/root/original_registry_n_review"	"english_source_context_family_review"
"block:block.tconstruct.earth_vanilla_slime_grass"	"sha256:95dbb9a3390b8bbf61b4763ee440fac6be90279df5abb2559cf48034c6ffe20c"	"PASS"	"/root/original_registry_n_review"	"english_source_context_family_review"
"block:block.tconstruct.ender_earth_slime_grass"	"sha256:f3e149cff6922bcb852509f5614eb9cd80d2991b404d03c102f97b14f033d905"	"PASS"	"/root/original_registry_n_review"	"english_source_context_family_review"
"block:block.tconstruct.ender_ender_slime_grass"	"sha256:f3e149cff6922bcb852509f5614eb9cd80d2991b404d03c102f97b14f033d905"	"PASS"	"/root/original_registry_n_review"	"english_source_context_family_review"
"block:block.tconstruct.ender_ichor_slime_grass"	"sha256:f3e149cff6922bcb852509f5614eb9cd80d2991b404d03c102f97b14f033d905"	"PASS"	"/root/original_registry_n_review"	"english_source_context_family_review"
"block:block.tconstruct.ender_sky_slime_grass"	"sha256:f3e149cff6922bcb852509f5614eb9cd80d2991b404d03c102f97b14f033d905"	"PASS"	"/root/original_registry_n_review"	"english_source_context_family_review"
"block:block.tconstruct.ender_slime_dirt"	"sha256:354b7567129484d12df7bddd0a4e029840f84def5b95704a9c41bd4af35cd756"	"PASS"	"/root/original_registry_n_review"	"english_source_context_family_review"
"block:block.tconstruct.ender_slime_fern"	"sha256:9179c29f6d1aa69249a92592e207ce6a625dd9d12b58208c2e0b50a9046e93ab"	"PASS"	"/root/original_registry_n_review"	"english_source_context_family_review"
"block:block.tconstruct.ender_slime_leaves"	"sha256:4823eab1377d975b97d6ecf7526c092626f1ac690b93c67e5a2445a5e7e9ff98"	"PASS"	"/root/original_registry_n_review"	"english_source_context_family_review"
"block:block.tconstruct.ender_slime_sapling"	"sha256:7a4d9c17699344c78dd33f83545913f346dd61b9d43ded5bfe4e55c7df3f7f65"	"PASS"	"/root/original_registry_n_review"	"english_source_context_family_review"
"block:block.tconstruct.ender_slime_tall_grass"	"sha256:838e4cfaf5e94836df3cc9d2eaf8bae68cd0b19705f20a8f85a5005e79839732"	"PASS"	"/root/original_registry_n_review"	"english_source_context_family_review"
"block:block.tconstruct.ender_slime_vine"	"sha256:3c5452ab1a8b9048aca52ab4434688a8db999100dbc1c3b91e0a53bf689b8ed1"	"PASS"	"/root/original_registry_n_review"	"english_source_context_family_review"
"block:block.tconstruct.ender_vanilla_slime_grass"	"sha256:f3e149cff6922bcb852509f5614eb9cd80d2991b404d03c102f97b14f033d905"	"PASS"	"/root/original_registry_n_review"	"english_source_context_family_review"
"block:block.tconstruct.gold_frame"	"sha256:92efab774d437580d223c242fde9b53fb79d626349e3315b79bf7268dfc9ddf4"	"PASS"	"/root/original_registry_n_review"	"english_source_context_family_review"
"block:block.tconstruct.greenheart_wall_sign"	"sha256:d5a1644b25c3ec1cd443ef1099901352a7d2711a03210639ead1fac171ede4c3"	"PASS"	"/root/original_registry_n_review"	"english_source_context_family_review"
"block:block.tconstruct.ichor_earth_slime_grass"	"sha256:47751dcdaca09b1c45eeb536f3d238016d116a4d9c864210148928d7a77d1741"	"PASS"	"/root/original_registry_n_review"	"english_source_context_family_review"
"block:block.tconstruct.ichor_ender_slime_grass"	"sha256:47751dcdaca09b1c45eeb536f3d238016d116a4d9c864210148928d7a77d1741"	"PASS"	"/root/original_registry_n_review"	"english_source_context_family_review"
"block:block.tconstruct.ichor_ichor_slime_grass"	"sha256:47751dcdaca09b1c45eeb536f3d238016d116a4d9c864210148928d7a77d1741"	"PASS"	"/root/original_registry_n_review"	"english_source_context_family_review"
"block:block.tconstruct.ichor_sky_slime_grass"	"sha256:47751dcdaca09b1c45eeb536f3d238016d116a4d9c864210148928d7a77d1741"	"PASS"	"/root/original_registry_n_review"	"english_source_context_family_review"
"block:block.tconstruct.ichor_slime_dirt"	"sha256:b1f10ccae29a0760a73a01202a72e561fde6abee3a1530ea1a402453b22fd731"	"PASS"	"/root/original_registry_n_review"	"english_source_context_family_review"
"block:block.tconstruct.ichor_slime_fern"	"sha256:4c16d67333c0a7641b9aa2aad90f1f3a13dc0efe0592d5c1637aba6905145eb1"	"PASS"	"/root/original_registry_n_review"	"english_source_context_family_review"
"block:block.tconstruct.ichor_slime_leaves"	"sha256:47812fc74f3d3d187a0e109340be534366f4fb2927659143000a5f0887936666"	"PASS"	"/root/original_registry_n_review"	"english_source_context_family_review"
"block:block.tconstruct.ichor_slime_tall_grass"	"sha256:838e4cfaf5e94836df3cc9d2eaf8bae68cd0b19705f20a8f85a5005e79839732"	"PASS"	"/root/original_registry_n_review"	"english_source_context_family_review"
"block:block.tconstruct.jewel_frame"	"sha256:82e86e275a039c9fea85c868aed59a81f9672e245d51b036af90382b9afc1e69"	"PASS"	"/root/original_registry_n_review"	"english_source_context_family_review"
"block:block.tconstruct.large_earth_slime_crystal_bud"	"sha256:df48f0387f694d0f31b76f5855c906b7a160276b1152d2b85a4bd2dd67bafd0b"	"PASS"	"/root/original_registry_n_review"	"english_source_context_family_review"
"block:block.tconstruct.magma_fluid"	"sha256:4475ce64bb06e7a73fd4fc71bf4fdbfe531938d2b9d70ab23cc85a6929c485f3"	"CHANGE"	"/root/original_registry_n_review"	"english_source_context_family_review"
"block:block.tconstruct.manyullyn_frame"	"sha256:10a0c0965669bf72fee7880cae3c5353b2d228000d57bbe1c6c39faf832a79c3"	"PASS"	"/root/original_registry_n_review"	"english_source_context_family_review"
"block:block.tconstruct.medium_earth_slime_crystal_bud"	"sha256:64a99da7e6f759e809e0b5f663f493edc2796bddfb05068e1081c67a467088ce"	"PASS"	"/root/original_registry_n_review"	"english_source_context_family_review"
"block:block.tconstruct.molten_enderium_fluid"	"sha256:a78d067ebb3dc52baef38fcf9694e77bc10147035b2ec00a280eff8cc8501946"	"PASS"	"/root/original_registry_n_review"	"english_source_context_family_review"
"block:block.tconstruct.molten_slimesteel_fluid"	"sha256:5718707d8a764c3caf5e3de2e13eccbd5c02d49b8cb491874fe9c3ccf735161e"	"PASS"	"/root/original_registry_n_review"	"english_source_context_family_review"
"block:block.tconstruct.nahuatl"	"sha256:3ff69078f6b65b85c7ba2c02832d16e0ceb23db11465e9cb8e06a5483b311905"	"PASS"	"/root/original_registry_n_review"	"english_source_context_family_review"
"block:block.tconstruct.nahuatl_fence"	"sha256:95b80e5b61155a4b93a3719e36fd7a9d3083016f647514b555ce27b78470311b"	"PASS"	"/root/original_registry_n_review"	"english_source_context_family_review"
"block:block.tconstruct.nahuatl_fence_gate"	"sha256:65edc8b767bd44f37706741630ee338591a1973823699c6c21cddacda9873016"	"PASS"	"/root/original_registry_n_review"	"english_source_context_family_review"
"block:block.tconstruct.nahuatl_slab"	"sha256:861a8873efadc7f9850c73e82fb289e74e3eeb5a59134f354f6ed4c0812ecfaf"	"PASS"	"/root/original_registry_n_review"	"english_source_context_family_review"
"block:block.tconstruct.nahuatl_stairs"	"sha256:6571013727248608a4eaa29d9358dc3d45878f1f3b0d01efeb621e163b104fbd"	"PASS"	"/root/original_registry_n_review"	"english_source_context_family_review"
"block:block.tconstruct.part_builder"	"sha256:26fe0e643cd20294009fff026c8d94804356d3920010cfa6a9b9d301929596c4"	"PASS"	"/root/original_registry_n_review"	"english_source_context_family_review"
"block:block.tconstruct.part_chest"	"sha256:fbcd53b33a745fe62017fe0691fe465c7b1c4f52d35cda63e3e4650ca7fe9aa7"	"PASS"	"/root/original_registry_n_review"	"english_source_context_family_review"
"block:block.tconstruct.punji"	"sha256:47635cd0c5f48b17ce6081578f0579e12149f5e9c636c0e7fcfc2575c54cd776"	"PASS"	"/root/original_registry_n_review"	"english_source_context_family_review"
"block:block.tconstruct.scorched_anvil"	"sha256:da88409cee0aec1c063745aab730c0f62a875435b85afaca89bbeda1288fc4fe"	"PASS"	"/root/original_registry_n_review"	"english_source_context_family_review"
"block:block.tconstruct.scorched_basin"	"sha256:43a8b468a5311a90880b00aa7cd36f5863120f5f51e8b18f385f8224ccf29741"	"PASS"	"/root/original_registry_n_review"	"english_source_context_family_review"
"block:block.tconstruct.scorched_fuel_gauge"	"sha256:d71dbeb5e66ee5e61043c2b3299aaf5d841e98c66f5785a4a8c49fec9b2b0f80"	"PASS"	"/root/original_registry_n_review"	"english_source_context_family_review"
"block:block.tconstruct.scorched_ingot_gauge"	"sha256:5aa888a63058e9dc38fee73c6c2c441de4c123ffc014c8c7272274c198e4720e"	"PASS"	"/root/original_registry_n_review"	"english_source_context_family_review"
"block:block.tconstruct.seared_basin"	"sha256:9b0ebba895ffb1b899ea1ed58980d91ffdc575e0bf77f233ff0c2e474d8aa4e0"	"PASS"	"/root/original_registry_n_review"	"english_source_context_family_review"
"block:block.tconstruct.seared_cobble_slab"	"sha256:be799ad61fd9ce6c755234c5fc3cb24078638c879512f21548d2d433c3f97c83"	"CHANGE"	"/root/original_registry_n_review"	"english_source_context_family_review"
"block:block.tconstruct.seared_cobble_stairs"	"sha256:0ffd4994297cc2f0165292cb9fdc98522b2345ce232cdd1442459bd032f5e370"	"CHANGE"	"/root/original_registry_n_review"	"english_source_context_family_review"
"block:block.tconstruct.seared_cobble_wall"	"sha256:0a2942e6e5081de46906ae104bec26112c2dc270a57ef925d81c01016239ec0b"	"CHANGE"	"/root/original_registry_n_review"	"english_source_context_family_review"
"block:block.tconstruct.seared_fuel_gauge"	"sha256:ae80a8220e74fafa9423c3e7f3a2a831d1feefa6e3930806696b82ad3bf4a60b"	"PASS"	"/root/original_registry_n_review"	"english_source_context_family_review"
"block:block.tconstruct.seared_fuel_tank"	"sha256:300a5a39813820a72d7c2698d588207dc96fb153c85fc65cad610e02fbb4cb4a"	"PASS"	"/root/original_registry_n_review"	"english_source_context_family_review"
"block:block.tconstruct.seared_ingot_gauge"	"sha256:319d0903eccca54a72c25e722615198b3b3db9590d5f3e490b51f375863a7507"	"PASS"	"/root/original_registry_n_review"	"english_source_context_family_review"
"block:block.tconstruct.silky_jewel_block"	"sha256:2160b44785417007c4cdf213a2b41a7e4f71e72ac1578b07841af5508fb6150e"	"PASS"	"/root/original_registry_n_review"	"english_source_context_family_review"
"block:block.tconstruct.sky_congealed_slime"	"sha256:ff94bda0d2c545358e297794eff35f25e1d011a296c7b3936de8e2cdc48e9f80"	"PASS"	"/root/original_registry_n_review"	"english_source_context_family_review"
"block:block.tconstruct.sky_earth_slime_grass"	"sha256:d2c25e6d82f88412aa88d03d4c6c2bc899299c1b0957a6c12a123182cf2f2008"	"PASS"	"/root/original_registry_n_review"	"english_source_context_family_review"
"block:block.tconstruct.sky_ender_slime_grass"	"sha256:d2c25e6d82f88412aa88d03d4c6c2bc899299c1b0957a6c12a123182cf2f2008"	"PASS"	"/root/original_registry_n_review"	"english_source_context_family_review"
"block:block.tconstruct.sky_ichor_slime_grass"	"sha256:d2c25e6d82f88412aa88d03d4c6c2bc899299c1b0957a6c12a123182cf2f2008"	"PASS"	"/root/original_registry_n_review"	"english_source_context_family_review"
"block:block.tconstruct.sky_sky_slime_grass"	"sha256:d2c25e6d82f88412aa88d03d4c6c2bc899299c1b0957a6c12a123182cf2f2008"	"PASS"	"/root/original_registry_n_review"	"english_source_context_family_review"
"block:block.tconstruct.sky_slime_dirt"	"sha256:036b8ba877db2642528be0821c4e746fa4334f67058c63485bebaa3c903bb727"	"PASS"	"/root/original_registry_n_review"	"english_source_context_family_review"
"block:block.tconstruct.sky_slime_fern"	"sha256:9179c29f6d1aa69249a92592e207ce6a625dd9d12b58208c2e0b50a9046e93ab"	"PASS"	"/root/original_registry_n_review"	"english_source_context_family_review"
"block:block.tconstruct.sky_slime_leaves"	"sha256:4823eab1377d975b97d6ecf7526c092626f1ac690b93c67e5a2445a5e7e9ff98"	"PASS"	"/root/original_registry_n_review"	"english_source_context_family_review"
"block:block.tconstruct.sky_slime_sapling"	"sha256:d95a03174e046fcd84270d673e5c838c7d0c668f5444d79f480390b9b623583e"	"PASS"	"/root/original_registry_n_review"	"english_source_context_family_review"
"block:block.tconstruct.sky_slime_tall_grass"	"sha256:838e4cfaf5e94836df3cc9d2eaf8bae68cd0b19705f20a8f85a5005e79839732"	"PASS"	"/root/original_registry_n_review"	"english_source_context_family_review"
"block:block.tconstruct.sky_slime_vine"	"sha256:3c5452ab1a8b9048aca52ab4434688a8db999100dbc1c3b91e0a53bf689b8ed1"	"PASS"	"/root/original_registry_n_review"	"english_source_context_family_review"
"block:block.tconstruct.sky_vanilla_slime_grass"	"sha256:d2c25e6d82f88412aa88d03d4c6c2bc899299c1b0957a6c12a123182cf2f2008"	"PASS"	"/root/original_registry_n_review"	"english_source_context_family_review"
"block:block.tconstruct.skyroot_button"	"sha256:e066038a8864160d2f1d91b8cc64b6b1355360ed36b23daeee1f4f20af730269"	"PASS"	"/root/original_registry_n_review"	"english_source_context_family_review"
"block:block.tconstruct.skyroot_door"	"sha256:712bddc4842b9170905629c140d29d0306e40e56262fdd2281095a7a5007534d"	"PASS"	"/root/original_registry_n_review"	"english_source_context_family_review"
"block:block.tconstruct.skyroot_fence"	"sha256:a27021790d8894419dfd1429d20e7e7106beb2b5a9affc10ef85f16691bcf816"	"PASS"	"/root/original_registry_n_review"	"english_source_context_family_review"
"block:block.tconstruct.skyroot_fence_gate"	"sha256:8781bcaea9ecf6b60f21632a1c9f0ef6859443e2091b3300cc0480798d3c014d"	"PASS"	"/root/original_registry_n_review"	"english_source_context_family_review"
"block:block.tconstruct.skyroot_log"	"sha256:6132f1d8fd32a0ddfde61cc6a33ebad2dce9853a2a3c24cade40acab87653f01"	"PASS"	"/root/original_registry_n_review"	"english_source_context_family_review"
"block:block.tconstruct.skyroot_planks"	"sha256:9e06806c4f44ba1941c9fc91ebe8951b2c39466f9e8bd686c879548d9e607008"	"PASS"	"/root/original_registry_n_review"	"english_source_context_family_review"
"block:block.tconstruct.skyroot_planks_slab"	"sha256:91d4df99a856f440157664fc71d88d74b12a527763d70124905cca35a9ba8448"	"PASS"	"/root/original_registry_n_review"	"english_source_context_family_review"
"block:block.tconstruct.skyroot_planks_stairs"	"sha256:e0ac307b8ce8713112a2149dc7433ac0d071eba31dccc71036061a0cd2541c0d"	"PASS"	"/root/original_registry_n_review"	"english_source_context_family_review"
"block:block.tconstruct.skyroot_pressure_plate"	"sha256:09829196acad91d30284c23de23a4d2b9316bb0e524e572e35d1c06ab057e294"	"PASS"	"/root/original_registry_n_review"	"english_source_context_family_review"
"block:block.tconstruct.skyroot_sign"	"sha256:f0dd08c4b27725c9d3fde4ab5f2671edab0bc98823fdf1367ae28e45e4585cc9"	"PASS"	"/root/original_registry_n_review"	"english_source_context_family_review"
"block:block.tconstruct.skyroot_trapdoor"	"sha256:1f049878db85d7a270ce4f5a23112c3d1a274317958ca3368a7412714085b5b9"	"PASS"	"/root/original_registry_n_review"	"english_source_context_family_review"
"block:block.tconstruct.skyroot_wall_sign"	"sha256:f0dd08c4b27725c9d3fde4ab5f2671edab0bc98823fdf1367ae28e45e4585cc9"	"PASS"	"/root/original_registry_n_review"	"english_source_context_family_review"
"block:block.tconstruct.skyroot_wood"	"sha256:0bdb498bf713ebc2963783eaed1ce69d44996769afac673303a6b5f302df46c6"	"PASS"	"/root/original_registry_n_review"	"english_source_context_family_review"
"block:block.tconstruct.slimesteel_block"	"sha256:29dbcf7289c26432691cf479554ab397df22143882cbf546af71759e8f73b378"	"PASS"	"/root/original_registry_n_review"	"english_source_context_family_review"
"block:block.tconstruct.small_earth_slime_crystal_bud"	"sha256:6e7b3d290e976aa4c8ef313fcd46f06c85e67bb33d1c6558dadcf1345a88691c"	"PASS"	"/root/original_registry_n_review"	"english_source_context_family_review"
"block:block.tconstruct.soulsteel_block"	"sha256:5e5425e5482aafee423a86f47cac57c3c586b7113c98891c61d8e264ede45a19"	"PASS"	"/root/original_registry_n_review"	"english_source_context_family_review"
"block:block.tconstruct.stripped_bloodshroom_log"	"sha256:43de6f090a31e41b8c578f1bca82cb8e9c0c1de2c760cc635251a0394616d065"	"PASS"	"/root/original_registry_n_review"	"english_source_context_family_review"
"block:block.tconstruct.stripped_bloodshroom_wood"	"sha256:02da05da15d66edf234a23ef77c4d0d8699fb83b779d47303fbf5ef116caedde"	"PASS"	"/root/original_registry_n_review"	"english_source_context_family_review"
"block:block.tconstruct.stripped_skyroot_log"	"sha256:74701e6f3937d00776e14cbe0e94a1afb1195385ba04702ca281b36dfec4be24"	"PASS"	"/root/original_registry_n_review"	"english_source_context_family_review"
"block:block.tconstruct.stripped_skyroot_wood"	"sha256:b105498269258a468e90d28b70dac1d52b2fb79a2f717fb622ac54a490f69153"	"PASS"	"/root/original_registry_n_review"	"english_source_context_family_review"
"block:block.tconstruct.tinkers_anvil"	"sha256:da88409cee0aec1c063745aab730c0f62a875435b85afaca89bbeda1288fc4fe"	"PASS"	"/root/original_registry_n_review"	"english_source_context_family_review"
"block:block.tconstruct.tinkers_chest"	"sha256:3d62daa02701fe0f77c57c812298cabc4e2a7653840692782b03a54e2dd3fbb7"	"PASS"	"/root/original_registry_n_review"	"english_source_context_family_review"
"block:block.vslab_compat.checker_vertical_slab"	"sha256:e1aa39fcd12cfcf3cd00c0a8b45e6b8d27ac9e266ec669099f22ee262d83936d"	"PASS"	"/root/original_registry_n_review"	"english_source_context_family_review"
"item:block.storagedrawers.compacting_drawers_2"	"sha256:2faab2fe6dc80de996768abc6f6572cd6ed9f03575cc27b7fdd572d8e387a66f"	"PASS"	"/root/original_registry_n_review"	"english_source_context_family_review"
"item:block.storagedrawers.compacting_drawers_3"	"sha256:b69feb61496b1949261e7c16a61e44c8dd5a963bcf4f4f27edb93377863f21dc"	"PASS"	"/root/original_registry_n_review"	"english_source_context_family_review"
"item:block.storagedrawers.compacting_half_drawers_2"	"sha256:403f3380a15d662a6fd56bc45b485e11a72e00b0f727f6df3c396bf74ea0f03f"	"PASS"	"/root/original_registry_n_review"	"english_source_context_family_review"
"item:block.storagedrawers.compacting_half_drawers_3"	"sha256:29f3f15809d02e08b0295d2914bbe9b2a5f4ea90bd1401d87a0966363cb6ef55"	"PASS"	"/root/original_registry_n_review"	"english_source_context_family_review"
"item:block.storagedrawers.controller"	"sha256:8ad36c8476de21ba70ab8a61c268b7e05f71d528791bdfa986d8f1135a5dd1fc"	"PASS"	"/root/original_registry_n_review"	"english_source_context_family_review"
"item:block.storagedrawers.controller_slave"	"sha256:ed0e37eab653373b5026abe2ed373869d719434cbb26ab20c50ac81938c768cd"	"PASS"	"/root/original_registry_n_review"	"english_source_context_family_review"
"item:block.storagedrawers.framed_controller_io"	"sha256:f19104e845fdee2e5c91722a885df0fd828ad269e93ff5d1c4c732bc4980bb32"	"PASS"	"/root/original_registry_n_review"	"english_source_context_family_review"
"item:block.storagedrawers.keybutton_concealment"	"sha256:0f1970e429c309c9c453eaa0f44117aa6eb3cb0123ef121dbeb79fe130011b18"	"PASS"	"/root/original_registry_n_review"	"english_source_context_family_review"
"item:block.storagedrawers.keybutton_drawer"	"sha256:396ce8858a74a3121ef76712df9ca7e3fa5439d932faeb89c80be4a4d07ca9df"	"PASS"	"/root/original_registry_n_review"	"english_source_context_family_review"
"item:block.storagedrawers.keybutton_personal"	"sha256:939f0bd7ca4ad3c6743be79974b11093a18a54ccf0b811d33218ff9453fbfba0"	"PASS"	"/root/original_registry_n_review"	"english_source_context_family_review"
"item:block.storagedrawers.keybutton_quantify"	"sha256:20c6be4ff5bad67ba0d1f6c4618d0eee812d019770496147a6bdb7967ceef2e4"	"PASS"	"/root/original_registry_n_review"	"english_source_context_family_review"
"item:block.supplementaries.candle_holder_cupric"	"sha256:a955d68b417ce6b97f5efcef52644b41fd4aac752c5bfc649d98a8c04b392e99"	"PASS"	"/root/original_registry_n_review"	"english_source_context_family_review"
"item:block.supplementaries.candle_holder_ender"	"sha256:ff10b0929e0d6ab62c6b25873a1f254866596f64eb7c8f4580f6e26f9b136729"	"PASS"	"/root/original_registry_n_review"	"english_source_context_family_review"
"item:block.supplementaries.candle_holder_soul"	"sha256:255e0793aff897db274a6b299859ec4130d280acf5b8e29d73d15b39dcb13bc2"	"PASS"	"/root/original_registry_n_review"	"english_source_context_family_review"
"item:block.supplementaries.candle_holder_spectacle"	"sha256:908bc156bd7ebc0e3a600fbcfb6bf987b49ee125fb18f9d9df1d1cd1885c0ba8"	"PASS"	"/root/original_registry_n_review"	"english_source_context_family_review"
"item:block.supplementaries.daub"	"sha256:6b553c71b63cdaac6a71314f9588c1130e3a3ea3449764305e8b8a2d15cdd215"	"PASS"	"/root/original_registry_n_review"	"english_source_context_family_review"
"item:block.supplementaries.daub_cross_brace"	"sha256:51daad886cce865580c8d3ee71848393007c96d713247ba63a9c06207b81f800"	"PASS"	"/root/original_registry_n_review"	"english_source_context_family_review"
"item:block.supplementaries.item_shelf"	"sha256:b566ddae75e34fec871ea1fb510941aa5ff24aafbcbf5eeba7577bc8257d4214"	"PASS"	"/root/original_registry_n_review"	"english_source_context_family_review"
"item:block.supplementaries.sconce_ender"	"sha256:43893cde8ecd1cf6de0f88394284fd33c423de9784e76e2b3a8dc83555279f3b"	"PASS"	"/root/original_registry_n_review"	"english_source_context_family_review"
"item:block.supplementaries.sconce_glow"	"sha256:bf8388eff81b4e5999cd4e5034418aff2c8701019192b5772ca799964446ef42"	"PASS"	"/root/original_registry_n_review"	"english_source_context_family_review"
"item:block.supplementaries.sconce_nether_brass"	"sha256:d894f83891ae8400d13da5519d8a92b87a4df2837b625006b9a0af2698c92af7"	"PASS"	"/root/original_registry_n_review"	"english_source_context_family_review"
"item:block.supplementaries.spring_launcher_head"	"sha256:e9e08823947597aaf9a0c31b375cfc85f05ab3d38df45d54564a22dd31026799"	"CHANGE"	"/root/original_registry_n_review"	"english_source_context_family_review"
"item:block.supplementaries.tater_in_a_jar"	"sha256:8b33b75d4595485dec8f7b8228027064a2ed5a43b0d6519856ebd37c3ab10ff7"	"PASS"	"/root/original_registry_n_review"	"english_source_context_family_review"
"item:block.supplementaries.timber_brace"	"sha256:c0a784489210fc8d30eab8dc2a138718b8b26f90ebb27ddf778bf8a07fcca38b"	"PASS"	"/root/original_registry_n_review"	"english_source_context_family_review"
"item:block.supplementaries.timber_cross_brace"	"sha256:2eeaf2b02bbd5e4ba0b7eda85b415a83f1e566c09f1a594446317d6b10d5edda"	"PASS"	"/root/original_registry_n_review"	"english_source_context_family_review"
"item:block.supplementaries.timber_frame"	"sha256:ebbba06d4591eb9d1a4b1297abb953ebc21713f2b2c57d56f65e4ed3a3e03e81"	"PASS"	"/root/original_registry_n_review"	"english_source_context_family_review"
"item:block.tconstruct.blazewood"	"sha256:0c7c584e09271321277852ad959bd02126e99f2d086e985e12ca7b5d115982f4"	"PASS"	"/root/original_registry_n_review"	"english_source_context_family_review"
"item:block.tconstruct.blazewood_slab"	"sha256:ca0c3f8fe6ca3c6140b2b1cd5c45f9cfc75eaf5b8bbc3d335799ce310d4fbd5b"	"PASS"	"/root/original_registry_n_review"	"english_source_context_family_review"
"item:block.tconstruct.blazewood_stairs"	"sha256:3944aa6f3c3998257ec6073cfdd94cef0bf27c2e81aebb1f748948b972ede5ea"	"PASS"	"/root/original_registry_n_review"	"english_source_context_family_review"
"item:block.tconstruct.blood_congealed_slime"	"sha256:f553a8d69e9f1d3d9929be52f0957ebf7627f2badbcbb898c860a402adec3a78"	"CHANGE"	"/root/original_registry_n_review"	"english_source_context_family_review"
"item:block.tconstruct.blood_earth_slime_grass"	"sha256:f9d4d06199e7954e4c4b66f1f986bbe36a8a3f5060138826d7bb5b457c815902"	"PASS"	"/root/original_registry_n_review"	"english_source_context_family_review"
"item:block.tconstruct.blood_ender_slime_grass"	"sha256:f9d4d06199e7954e4c4b66f1f986bbe36a8a3f5060138826d7bb5b457c815902"	"PASS"	"/root/original_registry_n_review"	"english_source_context_family_review"
"item:block.tconstruct.blood_ichor_slime_grass"	"sha256:f9d4d06199e7954e4c4b66f1f986bbe36a8a3f5060138826d7bb5b457c815902"	"PASS"	"/root/original_registry_n_review"	"english_source_context_family_review"
"item:block.tconstruct.blood_sky_slime_grass"	"sha256:f9d4d06199e7954e4c4b66f1f986bbe36a8a3f5060138826d7bb5b457c815902"	"PASS"	"/root/original_registry_n_review"	"english_source_context_family_review"
"item:block.tconstruct.blood_slime"	"sha256:003c9df71b56b4e2b1414b4f33217180e7f4d06b2e227c993407349adfafb183"	"CHANGE"	"/root/original_registry_n_review"	"english_source_context_family_review"
"item:block.tconstruct.blood_slime_fern"	"sha256:40898b276b2f800f3d8200550fc73575099a03c76f2c30b5aaceb121c29a2c9a"	"CHANGE"	"/root/original_registry_n_review"	"english_source_context_family_review"
"item:block.tconstruct.blood_slime_leaves"	"sha256:31db7fe0d7d4cb737b74ba59e8844207dd6155f9ebe530dc1a41d671c36271da"	"CHANGE"	"/root/original_registry_n_review"	"english_source_context_family_review"
"item:block.tconstruct.blood_slime_tall_grass"	"sha256:c5f9c3b313280d5bbb58aa40a479cb4c86aeea1ea460134606b364764328cc6c"	"CHANGE"	"/root/original_registry_n_review"	"english_source_context_family_review"
"item:block.tconstruct.bloodshroom_button"	"sha256:56ca307e594115c2c385b3b409d83de7173b781423854df4545111a65b7699d2"	"PASS"	"/root/original_registry_n_review"	"english_source_context_family_review"
"item:block.tconstruct.bloodshroom_door"	"sha256:97e0542a3e21c13afa3e1e7f9ce90f817f9857086a5f1bd58e2eaa94812e4ffe"	"PASS"	"/root/original_registry_n_review"	"english_source_context_family_review"
"item:block.tconstruct.bloodshroom_fence"	"sha256:ca4e03f38668766e04197003405645221c4e98765c49260863d16b6137d4981d"	"PASS"	"/root/original_registry_n_review"	"english_source_context_family_review"
"item:block.tconstruct.bloodshroom_fence_gate"	"sha256:196e01c34ed93d2d39fa177cd2fe35feb9f40c37ff8e3ed3ce66852915bdf1e4"	"PASS"	"/root/original_registry_n_review"	"english_source_context_family_review"
"item:block.tconstruct.bloodshroom_log"	"sha256:194e815f5be0d739094700dec6cf1110dcd9f5f38c96bfc0fb5a1c2eb34e81fd"	"PASS"	"/root/original_registry_n_review"	"english_source_context_family_review"
"item:block.tconstruct.bloodshroom_planks"	"sha256:43f61d39bba2aee019d17853f75b9d7e8909ae3b8c029a241f6001e5400f1da2"	"PASS"	"/root/original_registry_n_review"	"english_source_context_family_review"
"item:block.tconstruct.bloodshroom_planks_slab"	"sha256:57fb074484cbe9babd8039e35600f822fcc5214af1666200e80f77673956b9d9"	"PASS"	"/root/original_registry_n_review"	"english_source_context_family_review"
"item:block.tconstruct.bloodshroom_planks_stairs"	"sha256:696e72a485d130032bc88d99c1bd3e910e5151d3f386d2508ce219c0d6861731"	"PASS"	"/root/original_registry_n_review"	"english_source_context_family_review"
"item:block.tconstruct.bloodshroom_pressure_plate"	"sha256:284729ff8afb6ed3583e4e7ea9433f19272baf21d2879d57e865cf4822a5800d"	"PASS"	"/root/original_registry_n_review"	"english_source_context_family_review"
"item:block.tconstruct.bloodshroom_sign"	"sha256:eaf55b015359c5aa5a874d1433a14f64361b47b93351a9fdcb8b01a836de6d2e"	"PASS"	"/root/original_registry_n_review"	"english_source_context_family_review"
"item:block.tconstruct.bloodshroom_trapdoor"	"sha256:383734daddd2856a87f83371f1d667fe4344d4b48b53ddc9fc6add5df27c6e9d"	"PASS"	"/root/original_registry_n_review"	"english_source_context_family_review"
"item:block.tconstruct.bloodshroom_wood"	"sha256:f8fc7c38e2ac63c74567dc63f56c078b5f4633ac067a1a6fb8aa6cdfdab64b20"	"PASS"	"/root/original_registry_n_review"	"english_source_context_family_review"
"item:block.tconstruct.budding_earth_slime_crystal"	"sha256:8e55930cf22906f546634be7afca99c861a69fcfcb9b434d10263a03bce69d49"	"PASS"	"/root/original_registry_n_review"	"english_source_context_family_review"
"item:block.tconstruct.earth_cake"	"sha256:9251103e1419be47dbd378779828b3555665562450c54b706a97b4a70364d8e7"	"CHANGE"	"/root/original_registry_n_review"	"english_source_context_family_review"
"item:block.tconstruct.earth_earth_slime_grass"	"sha256:95dbb9a3390b8bbf61b4763ee440fac6be90279df5abb2559cf48034c6ffe20c"	"PASS"	"/root/original_registry_n_review"	"english_source_context_family_review"
"item:block.tconstruct.earth_ender_slime_grass"	"sha256:95dbb9a3390b8bbf61b4763ee440fac6be90279df5abb2559cf48034c6ffe20c"	"PASS"	"/root/original_registry_n_review"	"english_source_context_family_review"
"item:block.tconstruct.earth_ichor_slime_grass"	"sha256:95dbb9a3390b8bbf61b4763ee440fac6be90279df5abb2559cf48034c6ffe20c"	"PASS"	"/root/original_registry_n_review"	"english_source_context_family_review"
"item:block.tconstruct.earth_sky_slime_grass"	"sha256:95dbb9a3390b8bbf61b4763ee440fac6be90279df5abb2559cf48034c6ffe20c"	"PASS"	"/root/original_registry_n_review"	"english_source_context_family_review"
"item:block.tconstruct.earth_slime_crystal_block"	"sha256:8c4dba3ade24baccf5e5b3b6715b4e2fa35d1d2fb36ad3a78d9063848af1401b"	"CHANGE"	"/root/original_registry_n_review"	"english_source_context_family_review"
"item:block.tconstruct.earth_slime_crystal_cluster"	"sha256:5cfa13fd53d68a744cf35c1ff4bd21a76b92412feb628ced3fbc3e6da2576ddf"	"CHANGE"	"/root/original_registry_n_review"	"english_source_context_family_review"
"item:block.tconstruct.earth_slime_dirt"	"sha256:d2b16c357c5712774fe2ff19e927c673b18dc97c88bd677d184c247d1af63641"	"CHANGE"	"/root/original_registry_n_review"	"english_source_context_family_review"
"item:block.tconstruct.earth_slime_fern"	"sha256:9179c29f6d1aa69249a92592e207ce6a625dd9d12b58208c2e0b50a9046e93ab"	"PASS"	"/root/original_registry_n_review"	"english_source_context_family_review"
"item:block.tconstruct.earth_slime_leaves"	"sha256:4823eab1377d975b97d6ecf7526c092626f1ac690b93c67e5a2445a5e7e9ff98"	"PASS"	"/root/original_registry_n_review"	"english_source_context_family_review"
"item:block.tconstruct.earth_slime_tall_grass"	"sha256:838e4cfaf5e94836df3cc9d2eaf8bae68cd0b19705f20a8f85a5005e79839732"	"PASS"	"/root/original_registry_n_review"	"english_source_context_family_review"
"item:block.tconstruct.earth_vanilla_slime_grass"	"sha256:95dbb9a3390b8bbf61b4763ee440fac6be90279df5abb2559cf48034c6ffe20c"	"PASS"	"/root/original_registry_n_review"	"english_source_context_family_review"
"item:block.tconstruct.ender_earth_slime_grass"	"sha256:f3e149cff6922bcb852509f5614eb9cd80d2991b404d03c102f97b14f033d905"	"PASS"	"/root/original_registry_n_review"	"english_source_context_family_review"
"item:block.tconstruct.ender_ender_slime_grass"	"sha256:f3e149cff6922bcb852509f5614eb9cd80d2991b404d03c102f97b14f033d905"	"PASS"	"/root/original_registry_n_review"	"english_source_context_family_review"
"item:block.tconstruct.ender_ichor_slime_grass"	"sha256:f3e149cff6922bcb852509f5614eb9cd80d2991b404d03c102f97b14f033d905"	"PASS"	"/root/original_registry_n_review"	"english_source_context_family_review"
"item:block.tconstruct.ender_sky_slime_grass"	"sha256:f3e149cff6922bcb852509f5614eb9cd80d2991b404d03c102f97b14f033d905"	"PASS"	"/root/original_registry_n_review"	"english_source_context_family_review"
"item:block.tconstruct.ender_slime_dirt"	"sha256:354b7567129484d12df7bddd0a4e029840f84def5b95704a9c41bd4af35cd756"	"PASS"	"/root/original_registry_n_review"	"english_source_context_family_review"
"item:block.tconstruct.ender_slime_fern"	"sha256:9179c29f6d1aa69249a92592e207ce6a625dd9d12b58208c2e0b50a9046e93ab"	"PASS"	"/root/original_registry_n_review"	"english_source_context_family_review"
"item:block.tconstruct.ender_slime_leaves"	"sha256:4823eab1377d975b97d6ecf7526c092626f1ac690b93c67e5a2445a5e7e9ff98"	"PASS"	"/root/original_registry_n_review"	"english_source_context_family_review"
"item:block.tconstruct.ender_slime_sapling"	"sha256:7a4d9c17699344c78dd33f83545913f346dd61b9d43ded5bfe4e55c7df3f7f65"	"PASS"	"/root/original_registry_n_review"	"english_source_context_family_review"
"item:block.tconstruct.ender_slime_tall_grass"	"sha256:838e4cfaf5e94836df3cc9d2eaf8bae68cd0b19705f20a8f85a5005e79839732"	"PASS"	"/root/original_registry_n_review"	"english_source_context_family_review"
"item:block.tconstruct.ender_slime_vine"	"sha256:3c5452ab1a8b9048aca52ab4434688a8db999100dbc1c3b91e0a53bf689b8ed1"	"PASS"	"/root/original_registry_n_review"	"english_source_context_family_review"
"item:block.tconstruct.ender_vanilla_slime_grass"	"sha256:f3e149cff6922bcb852509f5614eb9cd80d2991b404d03c102f97b14f033d905"	"PASS"	"/root/original_registry_n_review"	"english_source_context_family_review"
"item:block.tconstruct.glow"	"sha256:f534ed976dc8838f13bb15cd2eb51bb48099a845ad95089627072682a6ddbb54"	"PASS"	"/root/original_registry_n_review"	"english_source_context_family_review"
"item:block.tconstruct.ichor_earth_slime_grass"	"sha256:47751dcdaca09b1c45eeb536f3d238016d116a4d9c864210148928d7a77d1741"	"PASS"	"/root/original_registry_n_review"	"english_source_context_family_review"
"item:block.tconstruct.ichor_ender_slime_grass"	"sha256:47751dcdaca09b1c45eeb536f3d238016d116a4d9c864210148928d7a77d1741"	"PASS"	"/root/original_registry_n_review"	"english_source_context_family_review"
"item:block.tconstruct.ichor_ichor_slime_grass"	"sha256:47751dcdaca09b1c45eeb536f3d238016d116a4d9c864210148928d7a77d1741"	"PASS"	"/root/original_registry_n_review"	"english_source_context_family_review"
"item:block.tconstruct.ichor_sky_slime_grass"	"sha256:47751dcdaca09b1c45eeb536f3d238016d116a4d9c864210148928d7a77d1741"	"PASS"	"/root/original_registry_n_review"	"english_source_context_family_review"
"item:block.tconstruct.ichor_slime_dirt"	"sha256:b1f10ccae29a0760a73a01202a72e561fde6abee3a1530ea1a402453b22fd731"	"PASS"	"/root/original_registry_n_review"	"english_source_context_family_review"
"item:block.tconstruct.ichor_slime_fern"	"sha256:4c16d67333c0a7641b9aa2aad90f1f3a13dc0efe0592d5c1637aba6905145eb1"	"PASS"	"/root/original_registry_n_review"	"english_source_context_family_review"
"item:block.tconstruct.ichor_slime_leaves"	"sha256:47812fc74f3d3d187a0e109340be534366f4fb2927659143000a5f0887936666"	"PASS"	"/root/original_registry_n_review"	"english_source_context_family_review"
"item:block.tconstruct.ichor_slime_tall_grass"	"sha256:838e4cfaf5e94836df3cc9d2eaf8bae68cd0b19705f20a8f85a5005e79839732"	"PASS"	"/root/original_registry_n_review"	"english_source_context_family_review"
"item:block.tconstruct.large_earth_slime_crystal_bud"	"sha256:df48f0387f694d0f31b76f5855c906b7a160276b1152d2b85a4bd2dd67bafd0b"	"PASS"	"/root/original_registry_n_review"	"english_source_context_family_review"
"item:block.tconstruct.medium_earth_slime_crystal_bud"	"sha256:64a99da7e6f759e809e0b5f663f493edc2796bddfb05068e1081c67a467088ce"	"PASS"	"/root/original_registry_n_review"	"english_source_context_family_review"
"item:block.tconstruct.nahuatl"	"sha256:3ff69078f6b65b85c7ba2c02832d16e0ceb23db11465e9cb8e06a5483b311905"	"PASS"	"/root/original_registry_n_review"	"english_source_context_family_review"
"item:block.tconstruct.nahuatl_fence"	"sha256:95b80e5b61155a4b93a3719e36fd7a9d3083016f647514b555ce27b78470311b"	"PASS"	"/root/original_registry_n_review"	"english_source_context_family_review"
"item:block.tconstruct.nahuatl_slab"	"sha256:861a8873efadc7f9850c73e82fb289e74e3eeb5a59134f354f6ed4c0812ecfaf"	"PASS"	"/root/original_registry_n_review"	"english_source_context_family_review"
"item:block.tconstruct.nahuatl_stairs"	"sha256:6571013727248608a4eaa29d9358dc3d45878f1f3b0d01efeb621e163b104fbd"	"PASS"	"/root/original_registry_n_review"	"english_source_context_family_review"
"item:block.tconstruct.part_builder"	"sha256:26fe0e643cd20294009fff026c8d94804356d3920010cfa6a9b9d301929596c4"	"PASS"	"/root/original_registry_n_review"	"english_source_context_family_review"
"item:block.tconstruct.part_chest"	"sha256:fbcd53b33a745fe62017fe0691fe465c7b1c4f52d35cda63e3e4650ca7fe9aa7"	"PASS"	"/root/original_registry_n_review"	"english_source_context_family_review"
"item:block.tconstruct.punji"	"sha256:47635cd0c5f48b17ce6081578f0579e12149f5e9c636c0e7fcfc2575c54cd776"	"PASS"	"/root/original_registry_n_review"	"english_source_context_family_review"
"item:block.tconstruct.scorched_anvil"	"sha256:da88409cee0aec1c063745aab730c0f62a875435b85afaca89bbeda1288fc4fe"	"PASS"	"/root/original_registry_n_review"	"english_source_context_family_review"
"item:block.tconstruct.scorched_basin"	"sha256:43a8b468a5311a90880b00aa7cd36f5863120f5f51e8b18f385f8224ccf29741"	"PASS"	"/root/original_registry_n_review"	"english_source_context_family_review"
"item:block.tconstruct.scorched_fuel_gauge"	"sha256:d71dbeb5e66ee5e61043c2b3299aaf5d841e98c66f5785a4a8c49fec9b2b0f80"	"PASS"	"/root/original_registry_n_review"	"english_source_context_family_review"
"item:block.tconstruct.scorched_ingot_gauge"	"sha256:5aa888a63058e9dc38fee73c6c2c441de4c123ffc014c8c7272274c198e4720e"	"PASS"	"/root/original_registry_n_review"	"english_source_context_family_review"
"item:block.tconstruct.seared_basin"	"sha256:9b0ebba895ffb1b899ea1ed58980d91ffdc575e0bf77f233ff0c2e474d8aa4e0"	"PASS"	"/root/original_registry_n_review"	"english_source_context_family_review"
"item:block.tconstruct.seared_cobble_slab"	"sha256:be799ad61fd9ce6c755234c5fc3cb24078638c879512f21548d2d433c3f97c83"	"CHANGE"	"/root/original_registry_n_review"	"english_source_context_family_review"
"item:block.tconstruct.seared_cobble_stairs"	"sha256:0ffd4994297cc2f0165292cb9fdc98522b2345ce232cdd1442459bd032f5e370"	"CHANGE"	"/root/original_registry_n_review"	"english_source_context_family_review"
"item:block.tconstruct.seared_cobble_wall"	"sha256:0a2942e6e5081de46906ae104bec26112c2dc270a57ef925d81c01016239ec0b"	"CHANGE"	"/root/original_registry_n_review"	"english_source_context_family_review"
"item:block.tconstruct.seared_fuel_gauge"	"sha256:ae80a8220e74fafa9423c3e7f3a2a831d1feefa6e3930806696b82ad3bf4a60b"	"PASS"	"/root/original_registry_n_review"	"english_source_context_family_review"
"item:block.tconstruct.seared_fuel_tank"	"sha256:300a5a39813820a72d7c2698d588207dc96fb153c85fc65cad610e02fbb4cb4a"	"PASS"	"/root/original_registry_n_review"	"english_source_context_family_review"
"item:block.tconstruct.seared_ingot_gauge"	"sha256:319d0903eccca54a72c25e722615198b3b3db9590d5f3e490b51f375863a7507"	"PASS"	"/root/original_registry_n_review"	"english_source_context_family_review"
"item:block.tconstruct.silky_jewel_block"	"sha256:2160b44785417007c4cdf213a2b41a7e4f71e72ac1578b07841af5508fb6150e"	"PASS"	"/root/original_registry_n_review"	"english_source_context_family_review"
"item:block.tconstruct.sky_congealed_slime"	"sha256:ff94bda0d2c545358e297794eff35f25e1d011a296c7b3936de8e2cdc48e9f80"	"PASS"	"/root/original_registry_n_review"	"english_source_context_family_review"
"item:block.tconstruct.sky_earth_slime_grass"	"sha256:d2c25e6d82f88412aa88d03d4c6c2bc899299c1b0957a6c12a123182cf2f2008"	"PASS"	"/root/original_registry_n_review"	"english_source_context_family_review"
"item:block.tconstruct.sky_ender_slime_grass"	"sha256:d2c25e6d82f88412aa88d03d4c6c2bc899299c1b0957a6c12a123182cf2f2008"	"PASS"	"/root/original_registry_n_review"	"english_source_context_family_review"
"item:block.tconstruct.sky_ichor_slime_grass"	"sha256:d2c25e6d82f88412aa88d03d4c6c2bc899299c1b0957a6c12a123182cf2f2008"	"PASS"	"/root/original_registry_n_review"	"english_source_context_family_review"
"item:block.tconstruct.sky_sky_slime_grass"	"sha256:d2c25e6d82f88412aa88d03d4c6c2bc899299c1b0957a6c12a123182cf2f2008"	"PASS"	"/root/original_registry_n_review"	"english_source_context_family_review"
"item:block.tconstruct.sky_slime_dirt"	"sha256:036b8ba877db2642528be0821c4e746fa4334f67058c63485bebaa3c903bb727"	"PASS"	"/root/original_registry_n_review"	"english_source_context_family_review"
"item:block.tconstruct.sky_slime_fern"	"sha256:9179c29f6d1aa69249a92592e207ce6a625dd9d12b58208c2e0b50a9046e93ab"	"PASS"	"/root/original_registry_n_review"	"english_source_context_family_review"
"item:block.tconstruct.sky_slime_leaves"	"sha256:4823eab1377d975b97d6ecf7526c092626f1ac690b93c67e5a2445a5e7e9ff98"	"PASS"	"/root/original_registry_n_review"	"english_source_context_family_review"
"item:block.tconstruct.sky_slime_sapling"	"sha256:d95a03174e046fcd84270d673e5c838c7d0c668f5444d79f480390b9b623583e"	"PASS"	"/root/original_registry_n_review"	"english_source_context_family_review"
"item:block.tconstruct.sky_slime_tall_grass"	"sha256:838e4cfaf5e94836df3cc9d2eaf8bae68cd0b19705f20a8f85a5005e79839732"	"PASS"	"/root/original_registry_n_review"	"english_source_context_family_review"
"item:block.tconstruct.sky_slime_vine"	"sha256:3c5452ab1a8b9048aca52ab4434688a8db999100dbc1c3b91e0a53bf689b8ed1"	"PASS"	"/root/original_registry_n_review"	"english_source_context_family_review"
"item:block.tconstruct.sky_vanilla_slime_grass"	"sha256:d2c25e6d82f88412aa88d03d4c6c2bc899299c1b0957a6c12a123182cf2f2008"	"PASS"	"/root/original_registry_n_review"	"english_source_context_family_review"
"item:block.tconstruct.skyroot_button"	"sha256:e066038a8864160d2f1d91b8cc64b6b1355360ed36b23daeee1f4f20af730269"	"PASS"	"/root/original_registry_n_review"	"english_source_context_family_review"
"item:block.tconstruct.skyroot_door"	"sha256:712bddc4842b9170905629c140d29d0306e40e56262fdd2281095a7a5007534d"	"PASS"	"/root/original_registry_n_review"	"english_source_context_family_review"
"item:block.tconstruct.skyroot_fence"	"sha256:a27021790d8894419dfd1429d20e7e7106beb2b5a9affc10ef85f16691bcf816"	"PASS"	"/root/original_registry_n_review"	"english_source_context_family_review"
"item:block.tconstruct.skyroot_fence_gate"	"sha256:8781bcaea9ecf6b60f21632a1c9f0ef6859443e2091b3300cc0480798d3c014d"	"PASS"	"/root/original_registry_n_review"	"english_source_context_family_review"
"item:block.tconstruct.skyroot_log"	"sha256:6132f1d8fd32a0ddfde61cc6a33ebad2dce9853a2a3c24cade40acab87653f01"	"PASS"	"/root/original_registry_n_review"	"english_source_context_family_review"
"item:block.tconstruct.skyroot_planks"	"sha256:9e06806c4f44ba1941c9fc91ebe8951b2c39466f9e8bd686c879548d9e607008"	"PASS"	"/root/original_registry_n_review"	"english_source_context_family_review"
"item:block.tconstruct.skyroot_planks_slab"	"sha256:91d4df99a856f440157664fc71d88d74b12a527763d70124905cca35a9ba8448"	"PASS"	"/root/original_registry_n_review"	"english_source_context_family_review"
"item:block.tconstruct.skyroot_planks_stairs"	"sha256:e0ac307b8ce8713112a2149dc7433ac0d071eba31dccc71036061a0cd2541c0d"	"PASS"	"/root/original_registry_n_review"	"english_source_context_family_review"
"item:block.tconstruct.skyroot_pressure_plate"	"sha256:09829196acad91d30284c23de23a4d2b9316bb0e524e572e35d1c06ab057e294"	"PASS"	"/root/original_registry_n_review"	"english_source_context_family_review"
"item:block.tconstruct.skyroot_sign"	"sha256:f0dd08c4b27725c9d3fde4ab5f2671edab0bc98823fdf1367ae28e45e4585cc9"	"PASS"	"/root/original_registry_n_review"	"english_source_context_family_review"
"item:block.tconstruct.skyroot_trapdoor"	"sha256:1f049878db85d7a270ce4f5a23112c3d1a274317958ca3368a7412714085b5b9"	"PASS"	"/root/original_registry_n_review"	"english_source_context_family_review"
"item:block.tconstruct.skyroot_wood"	"sha256:0bdb498bf713ebc2963783eaed1ce69d44996769afac673303a6b5f302df46c6"	"PASS"	"/root/original_registry_n_review"	"english_source_context_family_review"
"item:block.tconstruct.slimesteel_block"	"sha256:29dbcf7289c26432691cf479554ab397df22143882cbf546af71759e8f73b378"	"PASS"	"/root/original_registry_n_review"	"english_source_context_family_review"
"item:block.tconstruct.small_earth_slime_crystal_bud"	"sha256:6e7b3d290e976aa4c8ef313fcd46f06c85e67bb33d1c6558dadcf1345a88691c"	"PASS"	"/root/original_registry_n_review"	"english_source_context_family_review"
"item:block.tconstruct.soulsteel_block"	"sha256:5e5425e5482aafee423a86f47cac57c3c586b7113c98891c61d8e264ede45a19"	"PASS"	"/root/original_registry_n_review"	"english_source_context_family_review"
"item:block.tconstruct.stripped_bloodshroom_log"	"sha256:43de6f090a31e41b8c578f1bca82cb8e9c0c1de2c760cc635251a0394616d065"	"PASS"	"/root/original_registry_n_review"	"english_source_context_family_review"
"item:block.tconstruct.stripped_bloodshroom_wood"	"sha256:02da05da15d66edf234a23ef77c4d0d8699fb83b779d47303fbf5ef116caedde"	"PASS"	"/root/original_registry_n_review"	"english_source_context_family_review"
"item:block.tconstruct.stripped_skyroot_log"	"sha256:74701e6f3937d00776e14cbe0e94a1afb1195385ba04702ca281b36dfec4be24"	"PASS"	"/root/original_registry_n_review"	"english_source_context_family_review"
"item:block.tconstruct.stripped_skyroot_wood"	"sha256:b105498269258a468e90d28b70dac1d52b2fb79a2f717fb622ac54a490f69153"	"PASS"	"/root/original_registry_n_review"	"english_source_context_family_review"
"item:block.tconstruct.tinkers_anvil"	"sha256:da88409cee0aec1c063745aab730c0f62a875435b85afaca89bbeda1288fc4fe"	"PASS"	"/root/original_registry_n_review"	"english_source_context_family_review"
"item:block.tconstruct.tinkers_chest"	"sha256:3d62daa02701fe0f77c57c812298cabc4e2a7653840692782b03a54e2dd3fbb7"	"PASS"	"/root/original_registry_n_review"	"english_source_context_family_review"
"item:item.simpleradio.receiving_module"	"sha256:84f41013c336a23c9f992ee7be1e34f24863092d4f7ced572c9b818cf62f152d"	"PASS"	"/root/original_registry_n_review"	"english_source_context_family_review"
"item:item.simpleradio.transmitting_module"	"sha256:4fc327f08be31c167a7953541f2a2a46c62f5df8489225bd3a225449f74594ff"	"PASS"	"/root/original_registry_n_review"	"english_source_context_family_review"
"item:item.sophisticatedbackpacks.advanced_pump_upgrade"	"sha256:f68e3d432110d5aa18c5e8c9d1386a713f98286675fec89d24c58144c6109793"	"CHANGE"	"/root/original_registry_n_review"	"english_source_context_family_review"
"item:item.sophisticatedbackpacks.advanced_refill_upgrade"	"sha256:aa6d2ae7161fb2c74d68575cbd8e988fbc5d5bbbefc79e3ea2d66260909e43db"	"PASS"	"/root/original_registry_n_review"	"english_source_context_family_review"
"item:item.sophisticatedbackpacks.advanced_restock_upgrade"	"sha256:7b366920a3104284ecdd98aec1d56e5fce97e2ddccc069e1a4e441e14add1244"	"PASS"	"/root/original_registry_n_review"	"english_source_context_family_review"
"item:item.sophisticatedbackpacks.refill_upgrade"	"sha256:9436ad90052b54e82b5f31ff81fb8e02bf5cf239c68e9ef2d8b777640d242bdb"	"PASS"	"/root/original_registry_n_review"	"english_source_context_family_review"
"item:item.sophisticatedbackpacks.restock_upgrade"	"sha256:04925a7f2c91d4ea5c7a6b308604fe4e1f3d53a29fc4ab16e86a9d4069e9ca07"	"PASS"	"/root/original_registry_n_review"	"english_source_context_family_review"
"item:item.sophisticatedbackpacks.stack_downgrade_tier_1"	"sha256:e4fbc88be4d44b00f9d5a2b9424358e3469721e15a800efef2fb33ad52f7a647"	"PASS"	"/root/original_registry_n_review"	"english_source_context_family_review"
"item:item.sophisticatedbackpacks.stack_downgrade_tier_2"	"sha256:953b9154575152c60583fd7a799d84cef50bb7e3b188e6227e131e4d0938f09a"	"PASS"	"/root/original_registry_n_review"	"english_source_context_family_review"
"item:item.sophisticatedbackpacks.stack_downgrade_tier_3"	"sha256:9a4d0982a61496f455fc9dda1fd93f70ef76f72a899b22da3dc8cd42e11021c5"	"PASS"	"/root/original_registry_n_review"	"english_source_context_family_review"
"item:item.storage_shelves.cardboard"	"sha256:4c5895c2638fb90c71a1e40976542fb64fce70c43d23b3d3c6ea6dc503bceb79"	"PASS"	"/root/original_registry_n_review"	"english_source_context_family_review"
"item:item.storagedrawers.balance_fill_upgrade"	"sha256:87aa2be7d7fca429bc1ab999044054f74edeb667b032fb24c7ea48ba1d71e9ec"	"CHANGE"	"/root/original_registry_n_review"	"english_source_context_family_review"
"item:item.storagedrawers.conversion_upgrade"	"sha256:3eba501c66d1c79fa749696efd5b659f940f4fda3fef9e4d124f5f19c79eacb3"	"CHANGE"	"/root/original_registry_n_review"	"english_source_context_family_review"
"item:item.storagedrawers.creative_storage_upgrade"	"sha256:9edb54f36e98f65a2d7c28bf405b801b86f332dea26dc65ad3bda11b3f6f32b7"	"CHANGE"	"/root/original_registry_n_review"	"english_source_context_family_review"
"item:item.storagedrawers.creative_vending_upgrade"	"sha256:2fd6d067cb68a0a1975a9a2548dc538c491725a27353e86c6ff78c14140cb061"	"CHANGE"	"/root/original_registry_n_review"	"english_source_context_family_review"
"item:item.storagedrawers.detached_drawer"	"sha256:6a1ca475a87af812ed63225eb3a3a86da5e0f42d6ca6952daec566209a788f32"	"PASS"	"/root/original_registry_n_review"	"english_source_context_family_review"
"item:item.storagedrawers.diamond_storage_upgrade"	"sha256:041dab32dbcab9d7d717f25713b3e177dd67ceb6a4d3bb5bae4030fea8dc6f23"	"CHANGE"	"/root/original_registry_n_review"	"english_source_context_family_review"
"item:item.storagedrawers.drawer_puller"	"sha256:7e3ac276470c9e973945e68e8484f75b54f8cded67c64b2e7c39b7edaa87d160"	"CHANGE"	"/root/original_registry_n_review"	"english_source_context_family_review"
"item:item.storagedrawers.emerald_storage_upgrade"	"sha256:6e7727b924a5fc6db8f6117a8eb286730d6302d046ebe63f534394e8dd035776"	"CHANGE"	"/root/original_registry_n_review"	"english_source_context_family_review"
"item:item.storagedrawers.fill_level_upgrade"	"sha256:ae8fa3434f0b6f388e3903cc53eaee8f62e1e3c55bcac98e5243dec0e6bb78c0"	"CHANGE"	"/root/original_registry_n_review"	"english_source_context_family_review"
"item:item.storagedrawers.gold_storage_upgrade"	"sha256:7908f6cb920288b3e33fe889bf8d33d2377a276dcac5c51c76af16a69690c65a"	"CHANGE"	"/root/original_registry_n_review"	"english_source_context_family_review"
"item:item.storagedrawers.illumination_upgrade"	"sha256:368680304e1dabab579d6c7649802515c99a13129c1d17c2cbc3c5d35b98b6e1"	"CHANGE"	"/root/original_registry_n_review"	"english_source_context_family_review"
"item:item.storagedrawers.iron_storage_upgrade"	"sha256:de76b9a6f64683ea6f38a92fb1137fa382043ec94155a964daff6087f078e3de"	"CHANGE"	"/root/original_registry_n_review"	"english_source_context_family_review"
"item:item.storagedrawers.max_redstone_upgrade"	"sha256:aa829bcdbbf54046e41627c6eeb1d13636aa216337aa1bba7b67123ad729edb5"	"CHANGE"	"/root/original_registry_n_review"	"english_source_context_family_review"
"item:item.storagedrawers.min_redstone_upgrade"	"sha256:d7a3a2b4d8d49dd41a4a67bfd22d54a3348263c3fd9a0de8675fc60985560ce7"	"CHANGE"	"/root/original_registry_n_review"	"english_source_context_family_review"
"item:item.storagedrawers.obsidian_storage_upgrade"	"sha256:55e3b5df449c86ba02170a0a6d14a42ef89b844a4e00f630f4324152fce72375"	"CHANGE"	"/root/original_registry_n_review"	"english_source_context_family_review"
"item:item.storagedrawers.one_stack_upgrade"	"sha256:5297df24c2f7d1d789d6e7410e5539708083197aa1c37797962bbe64a1d0a9d8"	"PASS"	"/root/original_registry_n_review"	"english_source_context_family_review"
"item:item.storagedrawers.portability_upgrade"	"sha256:915045dd765e653db7f80c3286ae7168c1a8b3edcc2aacd08d4b169c2d3475f5"	"CHANGE"	"/root/original_registry_n_review"	"english_source_context_family_review"
"item:item.storagedrawers.priority_key"	"sha256:ad7c3731047195e66d1d8c6b83660a8f8732df826772b540ca7c080cf2375ee4"	"PASS"	"/root/original_registry_n_review"	"english_source_context_family_review"
"item:item.storagedrawers.priority_key_n1"	"sha256:623f1005b67547b3b872a8bf52e1cffb2e898a53bd7d5f620ab393180fcf54fe"	"PASS"	"/root/original_registry_n_review"	"english_source_context_family_review"
"item:item.storagedrawers.priority_key_n2"	"sha256:ce7500ebc0b671bb87c289294584204a42f3f31ca22cccca1f2234a0baab3bc0"	"PASS"	"/root/original_registry_n_review"	"english_source_context_family_review"
"item:item.storagedrawers.priority_key_p1"	"sha256:fd6b2fab940cd4b566a354483221b7acf9af578255fdc27e04292ad238cc20be"	"PASS"	"/root/original_registry_n_review"	"english_source_context_family_review"
"item:item.storagedrawers.priority_key_p2"	"sha256:11b21b51b22cb64ca808affc5cc1dfbe1ca9fae32aa5f2fe0e2ed3252203f957"	"PASS"	"/root/original_registry_n_review"	"english_source_context_family_review"
"item:item.storagedrawers.quantify_key"	"sha256:56fc50e96d92ab9ec112673ba77a6ac1317c9d99063da2eeb8974647db4ad571"	"PASS"	"/root/original_registry_n_review"	"english_source_context_family_review"
"item:item.storagedrawers.redstone_upgrade"	"sha256:8ba548b3345c9cc4a1adafc36ae6a27614f36ffb56b622d86b1458a305f22f56"	"CHANGE"	"/root/original_registry_n_review"	"english_source_context_family_review"
"item:item.storagedrawers.remote_group_upgrade"	"sha256:a88555039f10fb5593412c7089626d739e8a5c3edda03cd027c98b9f5afa1032"	"CHANGE"	"/root/original_registry_n_review"	"english_source_context_family_review"
"item:item.storagedrawers.remote_group_upgrade_bound"	"sha256:8fcb6410f32e0e45d202d30abaa2ecc640619cb1e77f18f7589aa0525fb4dd07"	"PASS"	"/root/original_registry_n_review"	"english_source_context_family_review"
"item:item.storagedrawers.remote_upgrade"	"sha256:8fcb6410f32e0e45d202d30abaa2ecc640619cb1e77f18f7589aa0525fb4dd07"	"PASS"	"/root/original_registry_n_review"	"english_source_context_family_review"
"item:item.storagedrawers.remote_upgrade_bound"	"sha256:8fcb6410f32e0e45d202d30abaa2ecc640619cb1e77f18f7589aa0525fb4dd07"	"PASS"	"/root/original_registry_n_review"	"english_source_context_family_review"
"item:item.storagedrawers.shroud_key"	"sha256:9a6fb18928e50b58e65e00640f93c7646566ae536558158043ca9a607459d18e"	"PASS"	"/root/original_registry_n_review"	"english_source_context_family_review"
"item:item.storagedrawers.upgrade_template"	"sha256:fe3734aa134930f5c7d783f028fcfd28d822a284896cbb7d1cf023e54aec2f33"	"CHANGE"	"/root/original_registry_n_review"	"english_source_context_family_review"
"item:item.storagedrawers.void_upgrade"	"sha256:640a56e9f444644354bc9f4ecc4eb46ec2f62b77dbf6106e6efb052562dc0bb1"	"CHANGE"	"/root/original_registry_n_review"	"english_source_context_family_review"
"item:item.supplementaries.bunting_black"	"sha256:da303b423358574b2dcc0fe980dbd9ade86712c9f1ac9752375854ef8e0679f8"	"PASS"	"/root/original_registry_n_review"	"english_source_context_family_review"
"item:item.supplementaries.bunting_blue"	"sha256:88e1465aefdb62e5e295a1226aa1e0d0c3157e09adc7bfcad28f267b5302e033"	"PASS"	"/root/original_registry_n_review"	"english_source_context_family_review"
"item:item.supplementaries.bunting_brown"	"sha256:666cdab334638adadea72439f3c74415e945ff1e8c3f2d05a55753ccc652bab1"	"PASS"	"/root/original_registry_n_review"	"english_source_context_family_review"
"item:item.supplementaries.bunting_cyan"	"sha256:5ca4d28304fabdd9b613d88d63df20670da853a5802bd3031188942c1307c8f9"	"PASS"	"/root/original_registry_n_review"	"english_source_context_family_review"
"item:item.supplementaries.bunting_gray"	"sha256:f6d1f0eab5d7a27cfe8749f21ab47b01e84be1026dedb10062b80528fde0b614"	"PASS"	"/root/original_registry_n_review"	"english_source_context_family_review"
"item:item.supplementaries.bunting_green"	"sha256:1a89415a47a1a8bd099b4bbb064c29c874e5abba1803cfdfbf3220eecd35bb5c"	"PASS"	"/root/original_registry_n_review"	"english_source_context_family_review"
"item:item.supplementaries.bunting_light_blue"	"sha256:78495e53ac3711e8c42f5ecda73d049b7185150e472e4a424bc7ab7e68665caf"	"PASS"	"/root/original_registry_n_review"	"english_source_context_family_review"
"item:item.supplementaries.bunting_light_gray"	"sha256:d571c0fc49345f4e7937a4b2c99ac33dfd8202bdbe2092e0d4ae06c77826089a"	"PASS"	"/root/original_registry_n_review"	"english_source_context_family_review"
"item:item.supplementaries.bunting_lime"	"sha256:b401f7edc8364dcec571e165445116b12b33289f21dd92dc87e123c61cdbe9fc"	"PASS"	"/root/original_registry_n_review"	"english_source_context_family_review"
"item:item.supplementaries.bunting_magenta"	"sha256:708518e9609bb26633254ab40fb3386f1a0db3d744979b7fb903ddbbb8797b12"	"PASS"	"/root/original_registry_n_review"	"english_source_context_family_review"
"item:item.supplementaries.bunting_orange"	"sha256:f8b5bbb2476f66c4aa4fa29d5000c712b7c39518f3d739915806bdfdc75dad02"	"PASS"	"/root/original_registry_n_review"	"english_source_context_family_review"
"item:item.supplementaries.bunting_pink"	"sha256:770abd5321d2376a607d1da5dacbca5c591300bd461f6c80b241804469c42718"	"PASS"	"/root/original_registry_n_review"	"english_source_context_family_review"
"item:item.supplementaries.bunting_purple"	"sha256:c7b62fd907b3997073be37b09b15a0249a42e96ce9833acc94a17462c0dd8409"	"PASS"	"/root/original_registry_n_review"	"english_source_context_family_review"
"item:item.supplementaries.bunting_red"	"sha256:16f8133a57b7e30c2890e7da1a4412c4aaab84960ffd16a137b933b8387504d0"	"PASS"	"/root/original_registry_n_review"	"english_source_context_family_review"
"item:item.supplementaries.bunting_yellow"	"sha256:0ee25beaa95fc6d222b49357c34b7ee414633baad3030040cda3f28e3ad19223"	"PASS"	"/root/original_registry_n_review"	"english_source_context_family_review"
"item:item.supplementaries.cartographers_quill"	"sha256:87bcd07fe746c8c2b50fd2cb5c84f86ec8b81067f08da2f694e5e9b19068622b"	"PASS"	"/root/original_registry_n_review"	"english_source_context_family_review"
"item:item.supplementaries.pancake_disc"	"sha256:90710e8a3a0e7b87e3a7178c207e2c9b1348f0f399ffbd61a81b4a30f34be1cf"	"PASS"	"/root/original_registry_n_review"	"english_source_context_family_review"
"item:item.supplementaries.red_merchant_spawn_egg"	"sha256:1e2a95dc76d46d41b29a3bd41f936fc1d5fd9da8f7e170333080c8b0a4732ef8"	"PASS"	"/root/original_registry_n_review"	"english_source_context_family_review"
"item:item.supplementaries.speedometer"	"sha256:c5f00470fae1ce0b6447aed7ef8c4f1bf7adb6933c95c7a7867b22d4cd320d10"	"PASS"	"/root/original_registry_n_review"	"english_source_context_family_review"
"item:item.table_top_craft.chess"	"sha256:c1aade8253979ee2f3959f043676c44454925643d62f6baef75a45afc170b666"	"PASS"	"/root/original_registry_n_review"	"english_source_context_family_review"
"item:item.tconstruct.blank_cast"	"sha256:28a516ebd4743f901c1d853db0eec2b9e31dceb59c0b3c998b13714004b19b7f"	"PASS"	"/root/original_registry_n_review"	"english_source_context_family_review"
"item:item.tconstruct.blank_red_sand_cast"	"sha256:371ada059485cc246bd86a8363313366528017bb3703d04b787ef5c52fa79b6f"	"PASS"	"/root/original_registry_n_review"	"english_source_context_family_review"
"item:item.tconstruct.blank_sand_cast"	"sha256:55d6a4d9f0d2915f16aafcfb7331e663e872ebe5adccf67025de721c4b5d70f0"	"PASS"	"/root/original_registry_n_review"	"english_source_context_family_review"
"item:item.tconstruct.blood_slime_ball"	"sha256:92cc31e72ed634d2f6e3ec30b4bf8552d748db8da3fa72d423e2f9aa96a8af97"	"PASS"	"/root/original_registry_n_review"	"english_source_context_family_review"
"item:item.tconstruct.blood_slime_grass_seeds"	"sha256:921e3f92df556ee96ac6b80945376c1d07a3972e0005d8a24cdae0ff21fe7577"	"PASS"	"/root/original_registry_n_review"	"english_source_context_family_review"
"item:item.tconstruct.broad_axe"	"sha256:167281fd1d4e526c9aab6cd605e29ede458d5be2dde2f052fa963db36de2e8b0"	"PASS"	"/root/original_registry_n_review"	"english_source_context_family_review"
"item:item.tconstruct.broad_axe_head"	"sha256:7014aeeb04ab7f736a2a8c18a35afb8d33d036eef2d76deab4556be3d3cd9786"	"PASS"	"/root/original_registry_n_review"	"english_source_context_family_review"
"item:item.tconstruct.broad_axe_head_cast"	"sha256:4e740bc40ff4c25fa96ff600af3a4cf873e517f9f258dfe0d19f5213c86187ec"	"PASS"	"/root/original_registry_n_review"	"english_source_context_family_review"
"item:item.tconstruct.broad_axe_head_red_sand_cast"	"sha256:1b77b0def932af535390b51a01c2618ad5e18300b9c6af72db2198536260b2dc"	"PASS"	"/root/original_registry_n_review"	"english_source_context_family_review"
"item:item.tconstruct.broad_axe_head_sand_cast"	"sha256:cfdfa94ce6e5484d04da1f276ad117f548cf1c86c208031d2b53e87316d5d497"	"PASS"	"/root/original_registry_n_review"	"english_source_context_family_review"
"item:item.tconstruct.coin_cast"	"sha256:77ccb4d4b72afe8e88fec1a655a69fae43e401c5643234630a992b33fea81b8a"	"CHANGE"	"/root/original_registry_n_review"	"english_source_context_family_review"
"item:item.tconstruct.coin_red_sand_cast"	"sha256:24dba21b556b3d42e984cb1318fb808e3fcac2793a197b73e4cc568ead7ec876"	"CHANGE"	"/root/original_registry_n_review"	"english_source_context_family_review"
"item:item.tconstruct.coin_sand_cast"	"sha256:e2a8554207fd98c8ceb839514d4198ebf851be58fa023a5e20e689c772cdb790"	"CHANGE"	"/root/original_registry_n_review"	"english_source_context_family_review"
"item:item.tconstruct.copper_can"	"sha256:1b875f537a6f479ef251f9e8dd067c520280731edf6e6245acc3076bc52bacbe"	"PASS"	"/root/original_registry_n_review"	"english_source_context_family_review"
"item:item.tconstruct.debris_nugget"	"sha256:12c1e7002d3dcc41ff4921a9cc63a8c80aca7ecce9f3c7d26f939428c7275a29"	"PASS"	"/root/original_registry_n_review"	"english_source_context_family_review"
"item:item.tconstruct.dragon_scale"	"sha256:4cc5a838678e870de20ac14a75367f86511bf66b4bddb8573f3f4a831ed943b1"	"PASS"	"/root/original_registry_n_review"	"english_source_context_family_review"
"item:item.tconstruct.earth_slime_bucket"	"sha256:94fac1038573484c3474120929537116cdef34959beab372f0b5a62f3cdda837"	"CHANGE"	"/root/original_registry_n_review"	"english_source_context_family_review"
"item:item.tconstruct.earth_slime_crystal"	"sha256:78b0381b891823c79bb432712fb84a724856f918f247db31e9da08e545d348a8"	"CHANGE"	"/root/original_registry_n_review"	"english_source_context_family_review"
"item:item.tconstruct.earth_slime_grass_seeds"	"sha256:4f2cc38f9d77a31d4d1388485349d14a33f98662f3e3bac0e82fdf930604fdd2"	"CHANGE"	"/root/original_registry_n_review"	"english_source_context_family_review"
"item:item.tconstruct.earth_slime_spawn_egg"	"sha256:ed66c531cef86434113c9c45fd32a64535fa49cef3207923c3befdcd29a228f2"	"PASS"	"/root/original_registry_n_review"	"english_source_context_family_review"
"item:item.tconstruct.efln_ball"	"sha256:6f8003dcc96b66f98a56a1aa6c831a6e74995f8f4a2e6edccb7575c00daf24ca"	"PASS"	"/root/original_registry_n_review"	"english_source_context_family_review"
"item:item.tconstruct.encyclopedia"	"sha256:02e1c17ecc7116f5986d5fb903f002116425c852c075826112de3ad90782d52f"	"PASS"	"/root/original_registry_n_review"	"english_source_context_family_review"
"item:item.tconstruct.ender_slime_grass_seeds"	"sha256:8e78776a672d59d35b4cc5efc7a30ad2bf8a086e2fc6afaba3531e5565ec10da"	"CHANGE"	"/root/original_registry_n_review"	"english_source_context_family_review"
"item:item.tconstruct.fantastic_foundry"	"sha256:c893b2f92a7f773274e87e72353727f7292edf42a4ab965f466b55010b4ae2dd"	"PASS"	"/root/original_registry_n_review"	"english_source_context_family_review"
"item:item.tconstruct.gem_cast"	"sha256:22f82f455b7d48184d1b5fe3b76a5667c3e2f6b2eabca529d463ed51558f3424"	"CHANGE"	"/root/original_registry_n_review"	"english_source_context_family_review"
"item:item.tconstruct.gem_red_sand_cast"	"sha256:12eb2afbe17fe7760ff553f83d429960781e8060bdfd2dc403ac92e307694217"	"CHANGE"	"/root/original_registry_n_review"	"english_source_context_family_review"
"item:item.tconstruct.gem_sand_cast"	"sha256:8ba9da5362f1299100a823fc79e9e35fb61e1d1b0aff3a892d76abee2ed7d2a6"	"CHANGE"	"/root/original_registry_n_review"	"english_source_context_family_review"
"item:item.tconstruct.hammer_head"	"sha256:a7a48a746393d9e9eeac54e564b9533713d39d7498d7861ba2a8b14dee2d9831"	"PASS"	"/root/original_registry_n_review"	"english_source_context_family_review"
"item:item.tconstruct.hammer_head_cast"	"sha256:2252f5d4d1ccc67f23a34de4a894ebf2e9553bae190db0c0809d2ef6e4ae72ee"	"PASS"	"/root/original_registry_n_review"	"english_source_context_family_review"
"item:item.tconstruct.hammer_head_red_sand_cast"	"sha256:d550f542073cd266b03c1b11210220dad0c30a00d135c5d608d8468eff276acf"	"PASS"	"/root/original_registry_n_review"	"english_source_context_family_review"
"item:item.tconstruct.hammer_head_sand_cast"	"sha256:18afa9ac9b1586e66d87332cbab1c61ffb5ddb99f4f9240085f7eb91bf713560"	"PASS"	"/root/original_registry_n_review"	"english_source_context_family_review"
"item:item.tconstruct.ichor_slime_grass_seeds"	"sha256:7d9e2bd6bde611230cc2f125bc8efa602602d8917b0d93e95ac1f1d71a6ad48d"	"CHANGE"	"/root/original_registry_n_review"	"english_source_context_family_review"
"item:item.tconstruct.large_plate_cast"	"sha256:518ea364a510f29884e949e1b747102db6f7d6ac60212bb3c6dfa2dac5faeb53"	"CHANGE"	"/root/original_registry_n_review"	"english_source_context_family_review"
"item:item.tconstruct.magma_bucket"	"sha256:bbd8fa9e6bff52af1a8d52445c2e4dde21a2d291a4db4a6194a3c6ee31f80a07"	"CHANGE"	"/root/original_registry_n_review"	"english_source_context_family_review"
"item:item.tconstruct.materials_and_you"	"sha256:c8ec458925ad995e80a7c904bbdece5b243260ff0792094cc6a4bb7a1c3c6092"	"CHANGE"	"/root/original_registry_n_review"	"english_source_context_family_review"
"item:item.tconstruct.mighty_smelting"	"sha256:8f9a06d492880bbfb25c6a82aa98d06df2ddf05084342f0d7ace3700a2c52ccc"	"PASS"	"/root/original_registry_n_review"	"english_source_context_family_review"
"item:item.tconstruct.molten_enderium_bucket"	"sha256:7154630304c0ef1bca441c75f3748d0e004bb2abbd4dc64e4a30216eab29d8e3"	"PASS"	"/root/original_registry_n_review"	"english_source_context_family_review"
"item:item.tconstruct.molten_slimesteel_bucket"	"sha256:ff6216d242c80db96abb851fe04ff44f7e7ce379f48532726fcca631c691c378"	"PASS"	"/root/original_registry_n_review"	"english_source_context_family_review"
"item:item.tconstruct.molten_soulsteel_bucket"	"sha256:597a4e303f73e07d6caa31d24eacb5b3f1659d226d5e0f31bc25735aeca7b62f"	"CHANGE"	"/root/original_registry_n_review"	"english_source_context_family_review"
"item:item.tconstruct.pick_head"	"sha256:5e7db680474f4761b9ce6afc4a812c3ad64ae3b6542369c74030e6f946dbe051"	"PASS"	"/root/original_registry_n_review"	"english_source_context_family_review"
"item:item.tconstruct.pick_head_cast"	"sha256:6ad67bb004754d4f840405e6fa2142d53dd5844757af1066ee3ef8f2d32411c7"	"PASS"	"/root/original_registry_n_review"	"english_source_context_family_review"
"item:item.tconstruct.pick_head_red_sand_cast"	"sha256:8f43bd8d17c1f559bbf337e996fbfd32786103a087f5e89125649a8358b92984"	"PASS"	"/root/original_registry_n_review"	"english_source_context_family_review"
"item:item.tconstruct.pick_head_sand_cast"	"sha256:04afabf410766ab6e42c22fa0a17626b621348a487897c66577f74430d35a008"	"PASS"	"/root/original_registry_n_review"	"english_source_context_family_review"
"item:item.tconstruct.plate_boots"	"sha256:b2b5b4e1213da59b52363f6fa7c432283a6d161db86131287e5d36e98bc5bb85"	"PASS"	"/root/original_registry_n_review"	"english_source_context_family_review"
"item:item.tconstruct.plate_cast"	"sha256:fc39d0417a18480be89c630b0f764ea86d1088de8c24bc4ca197e6175bc1b768"	"PASS"	"/root/original_registry_n_review"	"english_source_context_family_review"
"item:item.tconstruct.plate_chestplate"	"sha256:b89fde90f34488186ab77286b3d4c1b72327a8db5eb00e0850ed17a381691e0a"	"PASS"	"/root/original_registry_n_review"	"english_source_context_family_review"
"item:item.tconstruct.plate_helmet"	"sha256:e6390ea2bdc01614b0b7f9265f9860f6bd643f96b70daf8c3024f6ece8f1f243"	"PASS"	"/root/original_registry_n_review"	"english_source_context_family_review"
"item:item.tconstruct.plate_leggings"	"sha256:d77026408f16adbbb02a416311dd989f47568df03fe74a985abdf71390752557"	"PASS"	"/root/original_registry_n_review"	"english_source_context_family_review"
"item:item.tconstruct.plate_red_sand_cast"	"sha256:7ae1d32e431023af8453cc91f1447cd5fa65a55e6fda4571c7b5c18ef7eadbf6"	"PASS"	"/root/original_registry_n_review"	"english_source_context_family_review"
"item:item.tconstruct.plate_sand_cast"	"sha256:2ccd3ee8a2e2365445baed81aab38b15d7261040121595a28145a3ac1eff35ed"	"PASS"	"/root/original_registry_n_review"	"english_source_context_family_review"
"item:item.tconstruct.puny_smelting"	"sha256:587b52d09880e5256ec240be2f799025d0352a2059924e23d5958772c2e2729d"	"PASS"	"/root/original_registry_n_review"	"english_source_context_family_review"
"item:item.tconstruct.rod_cast"	"sha256:ae7853fa2e8fa90fc20074fa12b509c0d5a1722d070aa3a516310a6a48d40679"	"PASS"	"/root/original_registry_n_review"	"english_source_context_family_review"
"item:item.tconstruct.silky_jewel"	"sha256:2dd6d7ed2d0f353ed1637ae42f3bd955c718f7bbe87517ca0b14af50c2a6c856"	"PASS"	"/root/original_registry_n_review"	"english_source_context_family_review"
"item:item.tconstruct.sky_slime_grass_seeds"	"sha256:9ba289890611ad3381cb17dbef50c5b017adca0f2dea2b17365b90b3b22062c4"	"CHANGE"	"/root/original_registry_n_review"	"english_source_context_family_review"
"item:item.tconstruct.slime_chestplate"	"sha256:c45e3b246cbc0ce6bde8490516c33a141d4dddbc80c94ac6fe49219f9a3f6044"	"PASS"	"/root/original_registry_n_review"	"english_source_context_family_review"
"item:item.tconstruct.slime_helmet"	"sha256:d295d422a12cb8851c29c7aa4f8a6dd4c43256d69e4f26eb2bade02375af9285"	"PASS"	"/root/original_registry_n_review"	"english_source_context_family_review"
"item:item.tconstruct.slimesteel_ingot"	"sha256:f39ed7287aff91ec0694e29d523a4e0a5af2d79209310ad5447cfbaefd241394"	"PASS"	"/root/original_registry_n_review"	"english_source_context_family_review"
"item:item.tconstruct.slimesteel_nugget"	"sha256:49d737539a94751f4c4e9e700ef165f65745c0c2c6ab503e6da6cb5a7cf7d627"	"PASS"	"/root/original_registry_n_review"	"english_source_context_family_review"
"item:item.tconstruct.slimesteel_reinforcement"	"sha256:d1301278950747c57baf33e8eaffac2e235ec80c2abcd5355efc9d82e7e5e0cd"	"PASS"	"/root/original_registry_n_review"	"english_source_context_family_review"
"item:item.tconstruct.small_axe_head"	"sha256:e907e51882cb2bc7e0a021b96ad2ae3566a83576b91c049d982089e4e0ffac4c"	"PASS"	"/root/original_registry_n_review"	"english_source_context_family_review"
"item:item.tconstruct.small_axe_head_cast"	"sha256:85c544d09eb5e8d3212cda5d99c2ff24b9a961bc73cfb95056edc131a0822e8b"	"CHANGE"	"/root/original_registry_n_review"	"english_source_context_family_review"
"item:item.tconstruct.small_axe_head_red_sand_cast"	"sha256:c9f64fb9937bdb0d3da601de328e58a05c206a7cf448db2d49ab41082b690793"	"PASS"	"/root/original_registry_n_review"	"english_source_context_family_review"
"item:item.tconstruct.small_axe_head_sand_cast"	"sha256:a9d1c63cf79fb264ddcdb15f87596353f82e1c5d9285f4cdbeff3b0779890a37"	"PASS"	"/root/original_registry_n_review"	"english_source_context_family_review"
"item:item.tconstruct.small_blade"	"sha256:1d4418921cc667191dab5c0f205b91b59d6f26dfaf1bd1efaf1c84bf972bb570"	"PASS"	"/root/original_registry_n_review"	"english_source_context_family_review"
"item:item.tconstruct.small_blade_cast"	"sha256:c35025e3c3b366c69ffff2a0af53f84a47e922d641566b9becd0864beba35c3f"	"PASS"	"/root/original_registry_n_review"	"english_source_context_family_review"
"item:item.tconstruct.small_blade_red_sand_cast"	"sha256:fd97edfc8b5be454e5a07863da839b3dd05afd3c46cc127430d30df3632df18e"	"PASS"	"/root/original_registry_n_review"	"english_source_context_family_review"
"item:item.tconstruct.small_blade_sand_cast"	"sha256:3bb6538314726e51b0dad40d58676ba244c43c6e97e1e2d5ee215db141275b10"	"PASS"	"/root/original_registry_n_review"	"english_source_context_family_review"
"item:item.tconstruct.soulsteel_ingot"	"sha256:7c7a064bd1e20cff4d1fa40f8218066f85a73b5500cd60ef900a24b62b32313b"	"PASS"	"/root/original_registry_n_review"	"english_source_context_family_review"
"item:item.tconstruct.terracube_spawn_egg"	"sha256:be2f3668af723e3631a20958e57e7578f539d511a4d22e5f60117b24a62aaf2d"	"PASS"	"/root/original_registry_n_review"	"english_source_context_family_review"
"item:item.tconstruct.tinkers_gadgetry"	"sha256:101423bf8854375d81677f7592f2377c27b384c68fcf2788ea67ece6373c3b7f"	"PASS"	"/root/original_registry_n_review"	"english_source_context_family_review"
"item:item.thermal.dough"	"sha256:1702fb06b634d9ca09a08cb4058f27e5d3b8a6e904ec31b2a6abfcf51dc98127"	"PASS"	"/root/original_registry_n_review"	"english_source_context_family_review"
"item:item.thermal.flour"	"sha256:7c234cbffc5ef6544813625ec10bd5b7d6398f3b3a9e3a7295ac7d9dfbced79c"	"PASS"	"/root/original_registry_n_review"	"english_source_context_family_review"
"item:item.thermal.flux_pump"	"sha256:476a7f91046839e9d9106bde3a846301067ea4f70eb1d2953b05436cec03c990"	"PASS"	"/root/original_registry_n_review"	"english_source_context_family_review"
"item:item.thermal.ruby_plate"	"sha256:b4a097727bb4ed0d1feb462c6aa12e54126c1bc8812c0eb3729fbe5ea965bb03"	"PASS"	"/root/original_registry_n_review"	"english_source_context_family_review"
"item:item.thermal.sapphire_plate"	"sha256:53e39fffb5ec173ba8ec343ad4c15b524ab797de526e6d13c685b0fd0d5f17cd"	"PASS"	"/root/original_registry_n_review"	"english_source_context_family_review"
