"id"	"source_hash"	"source"	"verdict"	"recommendation"
"patchouli-lang:botania:botania.page.elfMessage1"	"sha256:2ad813db8f803c3115a8e547ec4f9a025799d65ba1bda78232cb537316f5e606"	"$(o)Greetings. We found this book when one of our old portal frames spontaneously opened a link to another world-- quite a shock for us indeed. On behalf of all Elven Garde, we thank you sincerely for providing us with a repository of the knowledge from your world. It's been a while since we had to leave, so it's good to see that it's been doing well."	"CHANGE"	"$(o)Приветствуем! Мы нашли эту книгу, когда одна из старых портальных рам сама открыла связь с другим миром — это стало для нас большим потрясением. От имени всей Эльфийской стражи сердечно благодарим за собрание знаний вашего мира. Нам давно пришлось его покинуть, и мы рады узнать, что у вас всё хорошо.$(0)"
"patchouli-lang:botania:botania.page.elfMessage2"	"sha256:d801dd8d6396cf72af29bddf36d0b29cfe7efeac8024e408635d8232053babda"	"$(o)After extensive discussion within the High Council of Elven Garde, we have decided to cooperate with you. You see, your ""Lexica Botania"" makes references to certain resources from your world that we might be extremely keen to get our hands on-- these resources are simply non-existent in our lands."	"CHANGE"	"$(o)После долгих обсуждений в Высшем совете Эльфийской стражи мы решили сотрудничать с вами. Видите ли, в вашем ""Лексиконе Ботании"" упоминаются некоторые ресурсы вашего мира, которые мы очень хотели бы заполучить: в наших землях их попросту нет.$(0)"
"patchouli-lang:botania:botania.page.elfMessage3"	"sha256:bcb7675b40b1fba5cab11775b0fa0a8f50bc6a07823e6d75fa0a5fcae5d04a02"	"$(o)The link you've established is, unfortunately, too weak to transfer living beings-- this seems to be a consequence of the sheer distance between our realms. A pity: we would have liked to meet our trading partner in person. However, on the upside, the link allows us to change the synchronization of time across our worlds-- which is how you will receive your book back so quickly, at least from your perspective."	"CHANGE"	"$(o)Установленная вами связь, к сожалению, слишком слаба, чтобы переносить живых существ: вероятно, причина в огромном расстоянии между нашими мирами. Жаль: мы хотели встретиться с нашим торговым партнёром лично. Зато связь позволяет менять синхронизацию времени в наших мирах, поэтому вы получите книгу обратно так быстро — по крайней мере, с вашей точки зрения.$(0)"
"patchouli-lang:botania:botania.page.elfMessage5"	"sha256:0a29a917cf0f322ceaa8a360d094cd93f2862e24bde39d9e3949d577d37922f2"	"$(o)We have taken the liberty of assigning our best scribes to transcribe the bulk of the knowledge from our world into your lexicon. We hope you find it enlightening, and that the knowledge encourages you to invest in our materials."	"CHANGE"	"$(o)Мы поручили лучшим писцам перенести в ваш лексикон большую часть знаний нашего мира. Надеемся, они окажутся для вас полезны и побудят вас использовать наши материалы.$(0)"
"patchouli-lang:botania:botania.page.elfResources0"	"sha256:77b8af7c9632ef545d7ad2b99d8bd195b99feacaad1947d03979bdda73919521"	"$(thing)Alfheim$(0) contains a myriad of valuable resources. Unfortunately, most of them are rather scarce due to competition between the various $(thing)Elven$(0) clans. The Elves you have contacted are interested in trading resources native to their lands, such as $(item)Dreamwood$(0), $(item)Elementium$(0), $(item)Pixie Dust$(0) and $(item)Dragonstones$(0)."	"CHANGE"	"$(thing)Эльфхейм$(0) богат ценными ресурсами. К сожалению, из-за соперничества эльфийских кланов большинство из них довольно редки. Эльфы, с которыми вы связались, хотят обменять местные ресурсы — $(item)Древесину мечтаний$(0), $(item)Элементий$(0), $(item)Пыльцу фей$(0) и $(item)Камни дракона$(0) — на ресурсы вашего мира."
"patchouli-lang:botania:botania.page.elfResources6"	"sha256:4757f0560edd3f179bf19048ad551ba7e0b10ba67a0e081085eba3c6d48c3ebe"	"The $(thing)Elves$(0) also have their eyes on that white posh-looking material from the $(thing)Nether$(0), $(item)Nether Quartz$(0), as the stuff they have in their world is tinted green. This quartz holds no functional difference to other types of quartz, including normal $(item)Nether Quartz$(0) and any of its decorative variants."	"CHANGE"	"$(item)Эльфы$(0) также заинтересованы в белом изысканном материале из $(thing)Незера$(0) — $(item)Незер-кварце$(0), ведь кварц в их мире имеет зелёный оттенок. По свойствам эльфийский кварц не отличается от других видов кварца, включая обычный Незер-кварц и его декоративные варианты. Подробнее читайте в статье $(thing)Декоративные блоки$(0) раздела $(thing)Разное$(0)."
"patchouli-lang:botania:botania.page.gaiaRitual3"	"sha256:51c6987be07cd066a8a356aea1e1ac134f25ea6cfbc4e8bc86bd40870759be3c"	"To start the ritual, simply sneak-right click the $(item)Beacon$(0) with the $(l:basics/terrasteel)$(item)Terrasteel Ingot$(0)$(/l), take a step back, and prepare to fight for your life. Preparation is absolutely required-- the fight with the $(thing)Guardian of Gaia$(0) can be even harder than that with the $(thing)Wither$(0). Upon the $(thing)Guardian$(0)'s defeat, a handful of $(item)Spirits of Gaia$(0) is dropped as a prize."	"CHANGE"	"Чтобы начать ритуал, присядьте и нажмите ПКМ по $(item)Маяку$(0), держа в руке $(l:basics/terrasteel)$(item)Слиток террастали$(0)$(/l); затем отойдите и приготовьтесь сражаться за свою жизнь. Подготовка необходима: бой с $(thing)Хранителем Гайи$(0) может оказаться сложнее боя с $(thing)Иссушителем$(0). После победы над $(thing)Хранителем$(0) вы получите в награду горсть $(item)Духов Гайи$(0)."
"patchouli-lang:botania:botania.page.kingKey0"	"sha256:afaba3cf28edfafcf70ae12f47060e60183cda6758133e65a8a9b7fad4c77f74"	"The $(item)Key of the King's Law$(0) is a powerful relic with the ability to materialize weapons from thin air. Holding down right-click with this key will begin summoning glowing projectiles from... somewhere. Up to twenty projectiles can be created at once, and releasing the grip on the key will launch them, one at a time, at the point the summoner is looking towards. These projectiles move at high velocities and explode on contact."	"CHANGE"	"$(item)Ключ от Королевского арсенала$(0) — могущественная реликвия, материализующая оружие из воздуха. Удерживайте ПКМ ключом, чтобы призвать светящиеся снаряды. Одновременно можно создать до двадцати снарядов; отпустите ключ, и они один за другим полетят туда, куда направлен ваш взгляд. Снаряды движутся быстро и взрываются при столкновении."
"patchouli-lang:botania:botania.page.lexicon0"	"sha256:e5a71e94ee2c112afbc6ddecd5082616da3945344557ec7d10252a3f2acc6c2c"	"The $(item)Lexica Botania$(0) is the repository of all knowledge for all botanical matters. (But you probably knew that already.)$(p)All well-known botanical knowledge is stored within these pages. For convenience, if a block happens to have an entry in here, it can be sneak-right clicked on with the $(item)Lexica Botania$(0) to open said entry."	"CHANGE"	"$(item)Лексикон Ботании$(0) — кладезь знаний для ботаника. Впрочем, вы, вероятно, уже это знаете.$(p)Вся информация собрана здесь. Если у блока есть описание, возьмите $(item)Лексикон Ботании$(0) в руку и нажмите Shift+ПКМ по блоку, чтобы открыть его."
"patchouli-lang:botania:botania.page.pureDaisy0"	"sha256:258370733e319a9a2d033800c9b71505c0b4aa08d0bbd40830882564bc339194"	"Far from being just the most basic, the $(item)Pure Daisy$(0) is the most important flower a botanist can have.$(p)This flower will purify any adjacent $(item)Wood$(0) and $(item)Stone$(0) blocks (as seen on the next page) into their purified counterparts, $(item)Livingwood$(0) and $(item)Livingrock$(0). These resources are important crafting materials throughout a botanist's career."	"CHANGE"	"$(item)Чистая Маргаритка$(0) — не только самый простой, но и самый важный цветок для ботаника.$(p)Этот цветок превращает соседние блоки $(item)Дерева$(0) и $(item)Камня$(0) (как показано на следующей странице) в $(item)Жизнедерево$(0) и $(item)Жизнекамень$(0). Эти материалы пригодятся вам для создания множества предметов."
"patchouli-lang:botania:botania.page.runeAltar21"	"sha256:4e485dfcd46478aaaf2f36058c7c1412b42040fe23760bfe74b85e3cf94bc24d"	"Runic creation is a complex topic, but an important one for the advancement of any botanist's career. However, this mode of crafting requires a firm grasp on the concepts of $(thing)Mana Manipulation$(0) to use. Before proceeding further, a read through the important entries (those in $(o)Italics$()) in that section of the $(l:basics/lexicon)$(item)Lexica Botania$(0)$(/l) might prove helpful."	"CHANGE"	"Создание рун — важный шаг в развитии ботанической магии. Чтобы научиться их создавать, сначала нужно хорошо разобраться в управлении маной. Поэтому прежде чем продолжить, прочитайте важные статьи в разделе $(thing)Управление маной$(0) (они выделены $(o)курсивом$(0))."
"patchouli-lang:botania:botania.page.runeAltar0"	"sha256:d61b0af49521c6a478d6a5163f0b4a6c1b3a2a56f30f6095e5a15dd0599daeac"	"$(item)Runes$(0) are vital components of complex magical devices or flora, created on a $(item)Runic Altar$(0).$(p)To use a $(item)Runic Altar$(0), start by placing (via either a right-click or a simple toss) the components of the rune you want to create upon the altar."	"CHANGE"	"$(item)Руны$(0) — важнейшие компоненты для сложных магических устройств и продвинутой флоры. Для их создания вам понадобится $(item)Рунический алтарь$(0).$(p)Разложите на нём предметы для нужной руны: нажимайте ими ПКМ по алтарю или просто бросайте на него."
"patchouli-lang:botania:botania.page.runeAltar22"	"sha256:33b224ed10248813f3a633287948d5ca7ab0f986b164711e91a35bf7d889f7e0"	"Any runes used for recipes in the $(item)Runic Altar$(0) function as catalysts, and will be returned upon completion of the runic recipe.$(p)Similarly to the $(l:basics/apothecary)$(item)Petal Apothecary$(0)$(/l), right-clicking this block with an empty hand after a recipe is complete will pull another set of the items used for the last recipe, for faster crafting in bulk."	"CHANGE"	"Любые руны, используемые в рецептах на $(item)Руническом Алтаре$(0), служат катализаторами и возвращаются после завершения рецепта.$(p)Как и с $(l:basics/apothecary)$(item)Лепестковым Аптекарем$(0)$(/l), после завершения рецепта нажмите ПКМ по алтарю пустой рукой, чтобы сразу добавить новый набор предметов из прошлого рецепта и ускорить массовое создание."
"patchouli-lang:botania:botania.page.terrasteel0"	"sha256:35fbb6d26f38a7a5a2fd63aff2253757cabab733d6fba6e66719bed0eb19669a"	"$(item)Terrasteel$(0) is a complex and useful magical alloy, infused with ridiculous amounts of $(thing)Mana$(0). Synthesizing it proves to be no small task. For starters, its creation requires a $(item)Terrestrial Agglomeration Plate$(0) placed over a checkerboard pattern of $(item)Lapis Lazuli Blocks$(0) and $(l:basics/pure_daisy)$(item)Livingrock$(0)$(/l) (or $(l:tools/rainbow_rod)$(item)Shimmerrock$(0)$(/l)). This block then needs to be provided with $(thing)Mana$(0), with $(l:mana/sparks)$(item)Sparks$(0)$(/l) being the most efficient mode of transfer."	"CHANGE"	"$(item)Террасталь$(0) — сложный магический сплав, наполненный $(thing)маной$(0), для создания которого требуется немало усилий. Сначала создайте особую пластину (см. дальше) и поставьте её на структуру из $(item)Блоков лазурита$(0) и $(item)Жизнекамня$(0), расположенных в шахматном порядке. Затем подайте к пластине $(thing)ману$(0), лучше всего с помощью $(item)Искр$(0)."
"patchouli-lang:botania:botania.page.terrasteel2"	"sha256:fc3018fa74b02a0701123575061d92994959bb0c4afb1daf5b28efb0148a44e2"	"After a plate is set up and ready to receive $(thing)Mana$(0), tossing one $(l:mana/pool)$(item)Manasteel Ingot, Mana Diamond and Mana Pearl$(0)$(/l) each upon the plate will begin the infusion.$(p)Picking up any of the items will halt the infusion, causing severe $(thing)Mana Loss$(0) (all mana transferred to the plate is lost). The infusion uses about half a $(l:mana/pool)$(item)Mana Pool$(0)$(/l)'s worth of Mana to create a single piece of $(thing)Terrasteel$(0); multiple $(l:mana/sparks)$(item)Sparks$(0)$(/l) passing it $(thing)Mana$(0) will accelerate the process."	"CHANGE"	"Когда пластина готова принимать $(thing)ману$(0), бросьте на неё по одному $(item)слитку манастали, маналмазу и жемчужине маны$(0) — начнётся вливание маны. Если подобрать любой предмет, процесс прервётся и вся переданная пластине $(thing)мана$(0) будет потеряна. На одну $(thing)Террасталь$(0) уходит примерно половина $(item)Бассейна маны$(0); несколько $(item)Искр$(0) ускорят процесс."
"patchouli-lang:botania:botania.page.wand1"	"sha256:6c1e3bb879758d25fde1d2c13e1ec6fc5c625f332c3ebb080e5550e9563ca2cc"	"The wand has two modes, $(thing)Bind Mode$(0) and $(thing)Function Mode$(0). In $(thing)Bind Mode$(0), sneak-right click it on a compatible block to select it, then sneak-right click elsewhere to bind the two blocks. In $(thing)Function Mode$(0) it simply doesn't perform this function, freeing the sneak-right click action up for other tasks.$(p)The two modes can be switched between by sneak-right clicking the wand in the air."	"CHANGE"	"Посох имеет два режима: $(thing)Режим привязки$(0) и $(thing)Режим управления$(0). В $(thing)Режиме привязки$(0) присядьте и нажмите ПКМ по совместимому блоку, чтобы выбрать его, а затем так же нажмите по другому блоку, чтобы связать их. В $(thing)Режиме управления$(0) эта функция отключена и сочетание можно использовать для других действий.$(p)Чтобы переключить режим, присядьте и нажмите ПКМ посохом в воздухе."
"patchouli-lang:botania:botania.page.welcome0"	"sha256:ca10ecd14f10bcf8db904b2b2ba165f53c7fabe5128319f432877208d4815799"	"$(o)Welcome to Botania! I congratulate you on the fine decision to strap a sapling and a book together. Or just on finding this tome in a chest. Whichever applies.$(p)$(o)You can navigate this book with the arrows at the bottom of this page, or scroll through pages with your mouse wheel."	"CHANGE"	"$(o)Добро пожаловать в Ботанию! Поздравляю: привязать саженец к книге — отличная идея. Или, возможно, вы просто нашли этот том в сундуке. Как бы то ни было.$(p)$(o)Листайте книгу стрелками внизу страницы или колесом мыши.$(0)"
"patchouli-lang:botania:botania.page.auraRing0"	"sha256:335a4a5bb268c2a8e2815c340c4d8c4cb0126efc66d8b826546356b5b40ad6ad"	"The $(item)Band of Aura$(0) is a variant $(l:baubles/mana_ring)$(item)Band of Mana$(0)$(/l); instead of storing $(thing)Mana$(0), it generates a slow trickle of it (when equipped) and stores it in $(thing)Mana$(0)-containing items in its wearer's inventory.$(p)Plating it with an ingot of $(l:basics/terrasteel)$(item)Terrasteel$(0)$(/l) upgrades it to generate $(thing)Mana$(0) at a significantly faster rate."	"CHANGE"	"$(item)Кольцо ауры$(0) похоже на $(l:baubles/mana_ring)$(item)Кольцо маны$(0)$(/l), но не хранит $(thing)Ману$(0): надетое кольцо медленно создаёт её и пополняет предметы, хранящие $(thing)ману$(0), в вашем инвентаре.$(p)Покройте кольцо слитком $(l:basics/terrasteel)$(item)Террастали$(0)$(/l), чтобы оно генерировало $(thing)Ману$(0) значительно быстрее."
"patchouli-lang:botania:botania.page.cosmeticBaubles32"	"sha256:695addd5e5c10d513dc237295602c0b4cb64a73c794739dc628f55ba1702ffff"	"Now you too can believe"	"CHANGE"	"Теперь вы тоже можете верить"
"patchouli-lang:botania:botania.page.goddessCharm0"	"sha256:bd741d5af6342279268cba39b0a505ee58f212d6c9d430cefb9219498a18fd6b"	"The $(item)Benevolent Goddess' Charm$(0) is a defensive $(thing)Trinket$(0) that's worn (as its name implies) in the $(thing)Charm$(0) slot.$(p)When worn, it uses $(thing)Mana$(0) to prevent explosions in its wearer's vicinity from damaging any blocks in the world."	"CHANGE"	"$(item)Очарование доброжелательной богини$(0) — защитная безделушка для слота $(thing)брелока$(0).$(p)При ношении оно расходует $(thing)Ману$(0) и не даёт взрывам поблизости повреждать блоки."
"patchouli-lang:botania:botania.page.invisibilityCloak0"	"sha256:b599286f8ed20bb1e9d3d420f8350001351f73249c3785bb7f3840f7900ff663"	"No need to explain the $(item)Invisibility Cloak$(0).$(p)You wear it on your $(thing)Body$(0) slot. It takes $(thing)Mana$(0) from your inventory. It makes you and your $(thing)Trinkets$(0) invisible.$(p)Magic."	"CHANGE"	"$(item)Плащ невидимости$(0) не нуждается в долгих объяснениях.$(p)Его носят в слоте $(thing)тела$(0). Он расходует $(thing)Ману$(0) из инвентаря и делает невидимыми вас и ваши $(thing)безделушки$(0).$(p)Магия."
"patchouli-lang:botania:botania.page.itemFinder0"	"sha256:eb785810a35153dc993e294950e598e2ff8a2fb4fd0e1b46fba8d0fbd2e03b87"	"$(item)The Spectator$(0) is a headband that allows its wearer to perceive the world in a better way. When its wearer holds an item, all of the following will emit colorful particles for easy spotting:"	"CHANGE"	"$(item)Спектатор$(0) — головная повязка, позволяющая лучше воспринимать окружающий мир. Когда её владелец держит предмет в руке, всё перечисленное ниже испускает разноцветные частицы, чтобы его было легче заметить:"
"patchouli-lang:botania:botania.page.itemFinder1"	"sha256:7c13e1d7228c14a64dcb3f603abe8f5a17a64546b5d544e26c988a91a141c2cd"	"$(li)$(thing)containers$(0) (chests, minecarts, furnaces, etc.) containing that item,$(li)$(thing)dropped items$(0) of that type,$(li)$(thing)mobs$(0) with that item equipped,$(li)$(thing)players$(0) or $(thing)pack animals$(0) (llamas, mules, etc.) with that item in their inventory,$(li)$(thing)villagers$(0) trading for that item.$(p)When sneaking, all dropped items near the wearer will shine, regardless of the held item."	"CHANGE"	"$(li)$(thing)контейнеры$(0) (сундуки, вагонетки, печи и т. д.) с этим предметом,$(li)$(thing)выброшенные предметы$(0) этого типа,$(li)$(thing)мобы$(0) с этим предметом в снаряжении,$(li)$(thing)игроки$(0) или $(thing)вьючные животные$(0) (ламы, мулы и т. д.) с этим предметом в инвентаре,$(li)$(thing)жители$(0), торгующие этим предметом.$(p)Когда носитель крадётся, все выброшенные рядом предметы будут светиться независимо от предмета в руке."
"patchouli-lang:botania:botania.page.monocle0"	"sha256:dd5f13b88be2d3b263f544d758ebdcdc3040d1ecceff12d12113de6ce52968a5"	"The $(item)Manaseer Monocle$(0) is a handy accessory for insight into $(thing)Mana Bursts$(0)' trajectories. It's not just a fancy eyepiece: it allows its wearer to see all nearby $(thing)Mana Bursts$(0)-- even through walls. Additionally, when a wearer looks at a flower, they can see its areas of effect."	"CHANGE"	"$(item)Монокль$(0) позволяет узнать, куда направлены $(thing)Всплески маны$(0), и видеть близлежащие $(thing)Всплески маны$(0) даже сквозь стены. А главное: наденьте монокль и посмотрите на цветок, чтобы увидеть его зону действия."
"patchouli-lang:botania:botania.page.speedUpBelt0"	"sha256:3d82597a71cd22c3ab8534b575df243b68c0d20f0b3caf9eafcc0aa199c71c66"	"The $(item)Planestrider's Sash$(0) is an alternative to the $(l:baubles/travel_belt)$(item)Sojourner's Sash$(0)$(/l).$(p)Unlike its counterpart, it provides no speed boost by default-- however, the more its wearer moves, the faster they get, allowing them to hit truly ludicrous speeds. If its user stops running, however, their bonus is reset."	"CHANGE"	"$(item)Кушак ускорения$(0) — альтернатива $(item)Кушаку Пилигрима$(0).$(p)В отличие от $(item)Кушака Пилигрима$(0), $(item)Кушак ускорения$(0) ускоряет не сразу: чем дольше вы идёте, тем быстрее движетесь. Если остановиться, бонус сбрасывается."
"patchouli-lang:botania:botania.page.speedUpBelt1"	"sha256:8b23e1bd67f7c6156360bb5724bae47c3b76457be8781eddf119f33c3ec14cc4"	"If you go slow you're a Planeswalker"	"CHANGE"	"Если вы медленно передвигаетесь, вы мироходец"
"patchouli-lang:botania:botania.page.superLavaPendant1"	"sha256:78514c5f6d30a44b557932043041f638cb801f031045d58f2935678377eca677"	"You can now take a lava bath"	"CHANGE"	"Теперь вы можете принять лавовую ванну"
"patchouli-lang:botania:botania.page.swapRing0"	"sha256:f6e94c7188dcdc97b1422e417da364e4e7becec388a80e6cbebe48413d6f28db"	"Switching tools can be a pain, especially when you find yourself shoveling away at dirt with... an axe? The $(item)Ring of Correction$(0) is a great way to, well, correct those problems.$(p)With this ring equipped, the tool in hand will always be the right one for the block being broken, be it pick, axe, shovel, hoe, or shears. As long as you have the relevant $(thing)Mana$(0)-using tools on hand."	"CHANGE"	"Менять инструменты — утомительно. Бывает, что землю приходится копать… киркой? $(item)Кольцо исправления$(0) поможет этого избежать.$(p)При ношении кольцо само меняет инструмент в руке для добычи блока, но работает только с инструментами, способными использовать $(thing)Ману$(0)."
"patchouli-lang:botania:botania.page.tinyPlanet0"	"sha256:0c345c10448c78c66a6d6c13087e33f7c5c682bdccd0039434c0e0c33b646e0d"	"The $(item)Tiny Planet$(0) is a $(thing)Trinket$(0) with gravitational properties. When equipped, it pulls nearby $(thing)Mana Bursts$(0) into orbits around its wearer.$(p)By increasing its mass with some $(item)Stone$(0), it can also be placed as a block for the same effect."	"CHANGE"	"$(item)Микропланета$(0) — $(thing)безделушка$(0) с гравитационными свойствами. Когда она надета, то притягивает ближайшие $(thing)Всплески маны$(0) к игроку, заставляя их двигаться по орбите вокруг него.$(p)Увеличив массу микропланеты с помощью $(item)Камня$(0), её можно разместить в мире с тем же эффектом."
"patchouli-lang:botania:botania.page.forestEye0"	"sha256:ecf5ed2f202bfa6061d8d6f61ac2de49ff3a059ed8efc5ed891a75d16df4fe6d"	"The Ancients who used to watch over the world always looked out for the living beings on it. The $(item)Eye of the Ancients$(0), while not an actual eye, is the next best thing.$(p)An adjacent $(item)Comparator$(0) will output a redstone signal proportional to the number of nearby animals it can find."	"CHANGE"	"Подобно древним, использовавшим глаз для поиска живых существ, ваш $(item)Глаз Древних$(0) делает то же самое.$(p)Подключённый к глазу $(item)Компаратор$(0) выдаёт сигнал Редстоуна, сила которого соответствует числу животных поблизости."
"patchouli-lang:botania:botania.page.hourglass4"	"sha256:ec8cc638338e383f46eba4d4e9f28a3656e53a8a28957573b2df2c50350ff723"	"Right-clicking an hourglass with a $(l:basics/wand)$(item)Wand of the Forest$(0)$(/l) locks (or unlocks) it. When locked, sand can't be added or removed from an hourglass (just in case someone right-clicks the hourglass on accident).$(p)If a $(thing)Mana Burst$(0) collides with an hourglass, it'll stem the flow of sand and pause the timer; another burst will continue the timer."	"CHANGE"	"Кликните ПКМ $(item)Посохом леса$(0) по блоку, чтобы заблокировать или разблокировать его. В заблокированный блок нельзя добавить или из него убрать песок, даже если кто-то случайно кликнет ПКМ.$(p)Если $(thing)Всплеск маны$(0) столкнётся с блоком, поток песка и таймер остановятся. Следующий всплеск снова запустит таймер."
"patchouli-lang:botania:botania.page.blackHoleTalisman2"	"sha256:5f77a2dec3d4479677fb0a713967210e4ffcfd12b066f8536f8ac424f23ed5bf"	"Any blocks stored in a Talisman can be placed by simply right-clicking with it.$(p)Sneak-right clicking the Talisman on an inventory will dump up to a stack of blocks into that inventory. Finally, a Talisman can provide a $(l:tools/exchange_rod)$(item)Rod of the Shifting Crust$(0)$(/l) with the blocks it contains."	"CHANGE"	"Блоки из Талисмана можно разместить обычным нажатием ПКМ.$(p)Нажмите ПКМ по инвентарю, держа Талисман и Shift, чтобы поместить в него до стака блоков. Наконец, Талисман может снабжать $(l:tools/exchange_rod)$(item)Жезл обмена$(0)$(/l) хранящимися в нём блоками."
"patchouli-lang:botania:botania.page.dreadthorne1"	"sha256:e8aaaa65ef3f44d4408d4e6e07d0dbe099e258633d618f1330d120f2220e9917"	"$(o)It's a modus operandi$()."	"CHANGE"	"$(o)Таков его образ действий.$(0)"
"patchouli-lang:botania:botania.page.flowerShrinking0"	"sha256:f7160a191b09df2d97348baaa0025e7dd5c969618534949f4419d189b20e5d05"	"Some functional flowers can have a bit too much reach for certain use-cases. Tossing one of those into a $(l:mana/pool)$(item)Mana Pool$(0)$(/l) with an $(l:devices/mana_alchemy)$(item)Alchemy Catalyst$(0)$(/l) will (at the cost of some $(thing)Mana$(0)) shrink it, making its area of effect smaller. Every other function remains the same."	"CHANGE"	"Некоторые функциональные цветы действуют на слишком большой площади. Бросьте один из таких цветов в $(l:mana/pool)$(item)Бассейн маны$(0)$(/l) с $(l:devices/mana_alchemy)$(item)Алхимическим катализатором$(0)$(/l), чтобы за небольшое количество $(thing)Маны$(0) уменьшить и сам цветок, и его зону действия. Остальные свойства цветка не изменятся."
"patchouli-lang:botania:botania.page.dandelifeon1"	"sha256:21929b1860fa0a383c4f47bd265617ae51afc0f485b99bbb7933fadb529b6d2a"	"This flower's function is based on a cellular automaton known as $(thing)Conway's Game of Life$(0). The area for this procedure is a 25x25 square, centered around the $(item)Dandelifeon$(0) itself.$(p)As long as the flower receives a redstone signal, it'll step the automaton twice a second."	"CHANGE"	"Работа этого цветка основана на клеточном автомате $(thing)Игра ""Жизнь""$(0). Автомат действует на поле 25 × 25 с $(item)Жизнеодуванчиком$(0) в центре.$(p)Пока цветок получает сигнал красного камня, он обновляет автомат дважды в секунду."
"patchouli-lang:botania:botania.page.gIntro3"	"sha256:a14ac04882f63304bbe6f5b084c3ad21d41f465efd21443a6f5159f28a5494db"	"Choosing your first $(thing)Generating Flower$(0) is a pretty simple task; the simplest two choices for any fledgling botanist are the $(l:generating_flowers/endoflame)$(item)Endoflame$(0)$(/l) and the $(l:generating_flowers/hydroangeas)$(item)Hydroangeas$(0)$(/l).$(p)The former uses $(item)Coal$(0) or other fuel sources to generate $(thing)Mana$(0). The latter uses $(item)Water$(0) sources for the same task, but decays after about three days."	"CHANGE"	"Выбрать первый $(thing)Генерирующий Цветок$(0) довольно просто: начинающему ботанику подойдут $(item)Эндопламя$(0) и $(item)Водогортензия$(0).$(p)Эндопламя использует $(item)Уголь$(0) и другое топливо для выработки $(thing)Маны$(0). Водогортензия использует источники $(item)Воды$(0), но примерно через три дня увядает."
"patchouli-lang:botania:botania.page.munchdew2"	"sha256:d2b35693fd5846b493935c66514715fdeed0e7fefa4a7260dd5e319e3c8ba1c1"	"$(o)Itadakimasu~$()"	"CHANGE"	"$(o)Приятного аппетита~$(0)"
"patchouli-lang:botania:botania.page.dreamwoodSpreader0"	"sha256:ce006e4b22c41ed648ca203762dd2c9259bf3901945b154e094634a57d5a4d89"	"When it comes right down to it, $(l:alfhomancy/elf_resources)$(item)Dreamwood$(0)$(/l) simply conducts $(thing)Mana$(0) better than $(l:basics/pure_daisy)$(item)Livingwood$(0)$(/l). A few adjustments in recipe (like substituting $(l:alfhomancy/elf_resources)$(item)Elementium$(0)$(/l) for $(item)Copper$(0)) yield an $(item)Elven Mana Spreader$(0), which conducts more $(thing)Mana$(0), faster, and for longer without $(thing)Mana Loss$(0).$(p)Unfortunately, these can't be turned into $(l:mana/redstone_spreader)$(item)Pulse Mana Spreaders$(0)$(/l)."	"CHANGE"	"$(l:alfhomancy/elf_resources)$(item)Древесина мечтаний$(0)$(/l) проводит $(thing)Ману$(0) лучше $(l:basics/pure_daisy)$(item)Жизнедерева$(0)$(/l). В рецепте используется $(l:alfhomancy/elf_resources)$(item)Элементий$(0)$(/l) вместо $(item)меди$(0), и получается $(item)Эльфийский распространитель маны$(0): он передаёт больше $(thing)маны$(0), быстрее и дольше без $(thing)Потери маны$(0).$(p)К сожалению, его нельзя превратить в $(l:mana/redstone_spreader)$(item)Импульсный распространитель$(0)$(/l)."
"patchouli-lang:botania:botania.page.mIntro1"	"sha256:cd51ba331c45b24bf05cd646708d91945eb8edd5119cabbf9b8571f51c10a69c"	"$(thing)Generating Flora$(0) are used to create $(thing)Mana$(0) (read the corresponding section for more details). $(thing)Mana$(0) so generated can be extracted and transferred with $(l:mana/spreader)$(item)Mana Spreaders$(0)$(/l) and stored in $(l:mana/pool)$(item)Mana Pools$(0)$(/l). $(thing)Mana$(0) can be used for a myriad of things: for starters, it can fuel $(thing)Functional Flora$(0) (read that section too)."	"CHANGE"	"$(thing)Генерирующая флора$(0) создаёт $(thing)Ману$(0) (подробнее см. в соответствующем разделе). $(thing)Ману$(0) можно извлекать и передавать $(item)Распространителями маны$(0), а хранить — в $(item)Бассейнах маны$(0). Она нужна для многого: например, питает $(thing)Функциональные Цветы$(0)."
"patchouli-lang:botania:botania.page.manaMirror0"	"sha256:4cabfdea0b32a2e2a5c5cc14368dae4718d4985976a0e6cb7c905e43fc28b8ef"	"A $(item)Mana Mirror$(0) is an alternative to $(thing)Mana$(0)-containing items like $(l:mana/mana_tablet)$(item)Tablets$(0)$(/l). After it's bound to a $(l:mana/pool)$(item)Mana Pool$(0)$(/l), items in the inventory requiring $(thing)Mana$(0) will draw from it.$(p)To bind a mirror to a pool, simply $(thing)sneak-right click$(0) the pool with the mirror. The mirror can't input or output mana from/to pools in any other way."	"CHANGE"	"$(item)Зеркало маны$(0) — альтернатива предметам, хранящим $(thing)ману$(0), например $(item)Планшету маны$(0). После привязки к $(item)Бассейну маны$(0) предметы в инвентаре, которым нужна $(thing)мана$(0), будут брать её из этого бассейна.$(p)Нажмите зеркалом $(thing)Shift+ПКМ$(0) по бассейну, чтобы связать их. Иначе зеркало не может ни получать ману из бассейна, ни отдавать её ему."
"patchouli-lang:botania:botania.page.manaTablet1"	"sha256:1df49deb03083e7792b871bc2445455ba3235db159740376d38398e39d0e1690"	"Tossing a tablet into a $(l:mana/pool)$(item)Mana Pool$(0)$(/l) will allow for flow of $(thing)Mana$(0) between them.$(p)Sneak-right clicking (or using a $(item)Dispenser$(0)) on the $(l:mana/pool)$(item)Mana Pool$(0)$(/l) with a $(l:basics/wand)$(item)Wand of the Forest$(0)$(/l) will change which way the $(thing)Mana$(0) will flow.$(p)Unlike normal items, dropped tablets never despawn."	"CHANGE"	"Бросьте планшет в $(l:mana/pool)$(item)Бассейн маны$(0)$(/l), чтобы между ними текла $(thing)мана$(0).$(p)Чтобы изменить направление потока, присядьте и нажмите по бассейну ПКМ либо используйте $(item)Раздатчик$(0), направленный на $(l:mana/pool)$(item)Бассейн маны$(0)$(/l), с $(l:basics/wand)$(item)Посохом Леса$(0)$(/l) внутри. Так изменится направление, в котором течёт $(thing)мана$(0).$(p)В отличие от обычных предметов, выброшенные планшеты никогда не исчезают."
"patchouli-lang:botania:botania.page.manaVoid0"	"sha256:b793a8723408aca65993653ee3a4417da7cb7f4f0f986eeed2c8b18c1324a313"	"The $(item)Mana Void$(0) is, in layman's terms, a grave for $(thing)Mana$(0). Any $(thing)Mana$(0) poured into this block will simply vanish into the void, never to be seen again.$(p)Placing one of these under a $(l:mana/pool)$(item)Mana Pool$(0)$(/l) will allow the pool to always accept $(thing)Mana$(0), but void any it can't hold."	"CHANGE"	"$(item)Мана-пустота$(0) — могила для $(thing)маны$(0): любая $(thing)мана$(0), попавшая в этот блок, бесследно исчезает.$(p)Поставив его под $(item)Бассейн маны$(0), вы позволите бассейну всё так же принимать $(thing)ману$(0), но уничтожать излишек."
"patchouli-lang:botania:botania.page.manastar0"	"sha256:f827bea6c37c24779acb5d4dfb4db75431423422fae8ad5cf847e9092b1336c0"	"The imprecise measurements of the $(l:basics/wand)$(item)Wand of the Forest$(0)$(/l) sometimes won't cut it for telling if you're turning a profit or loss in your $(l:mana/pool)$(item)Mana Pools$(0)$(/l).$(p)Creating a $(item)Manastar$(0) and placing it next to a pool will have the flower shine red if there's a loss, or blue if there's a profit. The measurement updates every few seconds."	"CHANGE"	"Неточных измерений $(item)Посоха Леса$(0) иногда недостаточно, чтобы понять, прибывает или убывает мана в $(item)Бассейнах$(0). Создайте $(item)Звезду маны$(0) и поставьте рядом с бассейном: при убыли она светится красным, при прибыли — синим. Показания обновляются раз в несколько секунд."
"patchouli-lang:botania:botania.page.sparkChanger0"	"sha256:2e530260dd3b4bfece1134a929ec3dee1dba30e5b9adad8d02689183b173bf6d"	"The $(item)Spark Tinkerer$(0) is a block with the ability to modify the $(l:mana/spark_upgrades)$(item)Augments$(0)$(/l) placed on $(l:mana/sparks)$(item)Sparks$(0)$(/l). Placing one adjacent to a $(l:mana/pool)$(item)Mana Pool$(0)$(/l) (or other block with a $(l:mana/sparks)$(item)Spark$(0)$(/l) attached) will connect it to that block.$(p)Right-clicking the $(item)Spark Tinkerer$(0) with a $(l:mana/spark_upgrades)$(item)Spark Augment$(0)$(/l) will put the augment in the block; the augment can be removed by right-clicking again."	"CHANGE"	"$(item)Искра ремесленника$(0) — блок, изменяющий $(item)Дополнения$(0), установленные на $(item)Искрах$(0). Поставьте её рядом с $(item)Бассейном маны$(0) или другим блоком с прикреплённой $(item)Искрой$(0), чтобы подключить её к нему.$(p)Нажмите ПКМ по $(item)Искре ремесленника$(0), держа $(item)Дополнение для искр$(0), чтобы установить его; повторное нажатие ПКМ снимет дополнение."
"patchouli-lang:botania:botania.page.sparks3"	"sha256:c57a40de3e07a327462d3f6349797136d23cff3310eb40010e6a81a272d55b16"	"Sparks can be dyed with $(item)Dye$(0); sparks with different colors will never interact. They can also be splashed with a bit of $(l:misc/phantom_ink)$(item)Phantom Ink$(0)$(/l) to make them highly translucent (in case you think they look too obtrusive)."	"CHANGE"	"$(item)Искры$(0) можно окрашивать красителями; искры разного цвета никогда не взаимодействуют. $(item)Призрачные чернила$(0) сделают искру почти прозрачной, если она кажется слишком заметной."
"patchouli-lang:botania:botania.page.spreader0"	"sha256:fdd90b91ad4f2e7785d64e7fe3ae09ca0beeabb4548152b4c3ce91f2ddf32bb8"	"The $(item)Mana Spreader$(0) is the single most important tool a botanist needs to manipulate $(thing)Mana$(0).$(p)This block shoots $(thing)Mana$(0) from point A to point B. It faces a cardinal direction when placed, but sneak-right clicking it with a $(l:basics/wand)$(item)Wand of the Forest$(0)$(/l) on a face points it elsewhere. It can be aimed at other blocks with a wand in $(thing)Bind Mode$(0)."	"CHANGE"	"$(item)Распространитель Маны$(0) — важнейший инструмент $(thing)Управления Маной$(0).$(p)Он переносит $(thing)Ману$(0) из одной точки в другую. При установке распространитель обращён в одну из сторон; присядьте и нажмите $(l:basics/wand)$(item)Посохом леса$(0)$(/l) по нужной грани, чтобы направить его туда. В $(thing)Режиме привязки$(0) посохом также можно направить распространитель на другой блок."
"patchouli-lang:botania:botania.page.spreader10"	"sha256:236f6070b6d28960ad4ea00397264f79499ab9d2aee1f9c217279061cf1bffab"	"Right-clicking the spreader with a piece of $(item)Wool$(0) will sleeve it. In addition to making the spreader look fancier, it'll also muffle the sound when a burst is shot, reducing the potential noise of a large number of spreaders in one area.$(p)Right-clicking will remove the sleeve."	"CHANGE"	"Нажмите ПКМ по распространителю, держа $(item)Шерсть$(0), чтобы обшить его. Шерсть не только украшает распространитель, но и приглушает звук при выпуске сгустка маны, что уменьшает шум от нескольких распространителей в одном месте. Повторное нажатие ПКМ пустой рукой снимет обшивку."
"patchouli-lang:botania:botania.page.cacophonium2"	"sha256:be8b9ffc1d92e5c633ae10c107fdac920357700c508bbe4cb72fb5ef2eb94867"	"For ultimate chaos, the $(item)Cacophonium$(0) can be placed in a $(item)Note Block$(0) with a sneak-right click, giving the block the ability to sound off animal or monster sounds on demand.$(p)You monster."	"CHANGE"	"Для полной какофонии присядьте и нажмите ПКМ по $(item)Нотному блоку$(0), чтобы поместить в него Какафоний: блок сможет по требованию воспроизводить звуки животных и монстров.$(p)Ну и чудовище же вы!"
"patchouli-lang:botania:botania.page.decorativeBlocks0"	"sha256:7ac3f53efcf36bff0fd8b769c1f62b7b78438d197685e26341caa5ce80afc247"	"Quite apart from functionality, there exist quite a few blocks for the sole purpose of making your builds look better.$(p)$(item)Livingrock$(0) and $(l:basics/pure_daisy)$(item)Livingwood$(0)$(/l) can be turned into decorative blocks; each material has four different decorative variations on its texture."	"CHANGE"	"Чтобы сделать строения красивее, доступно множество декоративных блоков.$(p)Блоки $(item)Жизнедерева$(0) и $(item)Жизнекамня$(0) можно превратить в декоративные; у каждого есть четыре варианта."
"patchouli-lang:botania:botania.page.decorativeBlocks10"	"sha256:f8593dbdb533258d68d61f714dab5a90c3754cd514e811286a72ce41bcc90765"	"$(item)Nether Quartz$(0) can be combined with a variety of substances to create a wide array of decorative $(item)Quartzes$(0).$(p)All of these can be crafted into their block counterparts, the same way $(item)Quartz$(0) can."	"CHANGE"	"Продолжим…$(p)Из $(item)Незер-кварца$(0) и разных материалов можно создавать другие декоративные $(item)Кварцевые$(0) блоки.$(p)Из каждого такого кварца, как и из обычного, можно создать соответствующий $(item)блок$(0)."
"patchouli-lang:botania:botania.page.dispenserTweaks0"	"sha256:14e82aa540235cd5eb453e5513a2ec54973d6ff94a77e3ffa4373b74829c4c97"	"$(thing)Botania$(0) tweaks $(item)Dispensers$(0) to be able to plant all kinds of seeds, from your standard wheat $(item)Seeds$(0) to $(item)Nether Warts$(0) and $(item)Cocoa Beans$(0) (the latter requiring a block of $(item)Jungle Wood$(0) across from the $(item)Dispenser$(0)).$(p)In conjunction with other blocks (like the $(l:devices/forest_drum)$(item)Drum of the Wild$(0)$(/l)), this allows for fully-automated crop farming."	"CHANGE"	"$(item)Раздатчик$(0) сажает любые семена — от $(item)Семян пшеницы$(0) до $(item)Адских наростов$(0) и $(item)Какао-бобов$(0); для последних перед раздатчиком должен быть блок древесины джунглей.$(p)Вместе с другими блоками, например с $(item)Барабаном дикой природы$(0), это позволяет полностью автоматизировать выращивание культур."
"patchouli-lang:botania:botania.page.headCreating1"	"sha256:b4bb0605beef34807d94893e38012c721d3fdd4601950e2ed95917a818291b15"	"Get your head in the game"	"CHANGE"	"Включите голову"
"patchouli-lang:botania:botania.page.mushrooms1"	"sha256:8b80bcdc98f5ee9fc47a77547de5738d251135607109ba80bf4f652ac7157a63"	"They don't make you bigger"	"CHANGE"	"Они не делают вас больше"
"patchouli-lang:botania:botania.page.phantomInk1"	"sha256:edf3a138e5b9c0175c7b055e81a85da763eca392da40a120c1c19bc06ba97161"	"Who you gonna call?"	"CHANGE"	"Кому позвонить?"
"patchouli-lang:botania:botania.page.shinyFlowers0"	"sha256:520164a13a4890f27027bc86c3ef61f6e7f29d40fb3a8871d405311ad0067b01"	"$(item)Glowstone Dust$(0) can be sprinkled over $(l:basics/flowers)$(item)Mystical Flowers$(0)$(/l) to turn them into $(item)Glimmering Flowers$(0), which sparkle bright enough to emit actual light (same brightness as $(item)Glowstone Block$(0)).$(p)Combining one of these with some $(item)Dirt$(0) and $(l:tools/grass_seeds)$(item)Pasture Seeds$(0)$(/l) yields a $(item)Floating Flower$(0), a miniature floating island that emits light and looks quite fancy indeed."	"CHANGE"	"Посыпьте $(item)Светящейся пылью$(0) $(l:basics/flowers)$(item)Мистический Цветок$(0)$(/l), чтобы получить $(item)Мерцающий цветок$(0), который светит так же ярко, как $(item)Светящийся камень$(0).$(p)Соедините его с $(item)Землёй$(0) и $(l:tools/grass_seeds)$(item)Луговыми семенами$(0)$(/l), чтобы получить $(item)Парящий цветок$(0) — миниатюрный светящийся остров."
"patchouli-lang:botania:botania.page.exchangeRod2"	"sha256:10b9428daf9bcc73361496c107a9ba4c7035344b42fb897c09ab70031df0d826"	"Other rods or devices can supply blocks to the $(item)Rod of the Shifting Crust$(0).$(p)For example, a $(l:tools/dirt_rod)$(item)Rod of the Lands$(0)$(/l) in a user's inventory will provide their $(item)Rod of the Shifting Crust$(0) with an endless supply of $(item)Dirt$(0) (assuming sufficient $(thing)Mana$(0) to conjure each dirt block, of course).$(p)If replacing a cubical area is not desired, using the $(l:tools/temperance_stone)$(item)Stone of Temperance$(0)$(/l) can reduce it to a plane of blocks."	"CHANGE"	"Другие жезлы и устройства могут снабжать $(item)Жезл обмена$(0) блоками.$(p)Например, $(l:tools/dirt_rod)$(item)Жезл земель$(0)$(/l) в инвентаре даёт $(item)Жезлу обмена$(0) бесконечный запас $(item)Земли$(0), если хватает $(thing)Маны$(0) на её создание.$(p)Если не нужно заменять кубическую область, $(l:tools/temperance_stone)$(item)Камень сдержанности$(0)$(/l) уменьшит её до плоскости блоков."
"mantle-book:tconstruct:puny_smelting:melting/meltergui2.json:/text/0/text"	"sha256:c7bee4c31e8ca89e7aa16ba92d4a287905e0e8fa2cbc5aadba5a2e82dc8178c2"	"1: These 3 slots are where you put in what you want to melt. It may be ores, ingots, or anything else you feel like attempting to melt!"	"CHANGE"	"1: В эти 3 слота вы помещаете то, что хотите расплавить. Это могут быть руды, слитки или что-то ещё!"
"mantle-book:tconstruct:puny_smelting:upgrades/general/tconstruct_emerald.json:/text/0/text"	"sha256:74eae3c9e42d2f1bbb16a85b70613e8e16c83b17a04d885e9c1d0850f201b993"	"A villager's best friend, don't let the villagers see you applying this! These aren't your lucky charms."	"CHANGE"	"Лучший друг крестьянина. Только не давайте крестьянам увидеть, как вы применяете это улучшение: это не ваши талисманы удачи."
