"id"	"source_hash"	"old_translation"	"new_translation"	"reason"	"independent_review"	"reviewer"	"initial_new_translation"	"review_notes"
"ie-manual:immersiveengineering:lightning_rod.txt:line:4"	"sha256:8815ad4cf0316879c54495fc73102e95428afdf090db700cffa59b091f20292c"	"При ударе по стальному столбу огромное количество энергии накапливается в основании Молниеотвода, а затем медленно распределяется по энергетическим выходам по бокам."	"При ударе по стальному столбу огромное количество энергии накапливается в основании Молниеотвода, а затем медленно распределяется по боковым энергетическим выходам."	"Ошибочный PASS: повтор «по ... по» ухудшает естественность."	"APPROVED"	"/root/checkpoint12_second_review"	"При ударе по стальному столбу огромное количество энергии накапливается в основании Молниеотвода, а затем медленно распределяется по боковым энергетическим выходам."	"SECOND_LANGUAGE_REVIEW"
"patchouli-lang:botania:botania.page.elfMessage1"	"sha256:2ad813db8f803c3115a8e547ec4f9a025799d65ba1bda78232cb537316f5e606"	"$(o)Приветствуем! Мы заметили, что наш портал открыл связь с другим миром. И это довольно шокирующая новость для нас! Мы благодарим Вас за предоставление нам книги знаний Вашего мира, чтобы держать нас в курсе всего, что произошло, так как мы оставили этот мир, давным-давно."	"$(o)Приветствуем! Мы нашли эту книгу, когда одна из старых портальных рам сама открыла связь с другим миром — это стало для нас большим потрясением. От имени всей Эльфийской стражи сердечно благодарим за собрание знаний вашего мира. Нам давно пришлось его покинуть, и мы рады узнать, что у вас всё хорошо.$(0)"	"Исправлено по исчерпывающему заключению checkpoint-review."	"APPROVED"	"/root/checkpoint12_second_review"	"$(o)Приветствуем! Мы нашли эту книгу, когда одна из старых портальных рам сама открыла связь с другим миром — это стало для нас большим потрясением. От имени всей Эльфийской стражи сердечно благодарим за собрание знаний вашего мира. Нам давно пришлось его покинуть, и мы рады узнать, что у вас всё хорошо.$(0)"	"SECOND_LANGUAGE_REVIEW"
"patchouli-lang:botania:botania.page.elfMessage2"	"sha256:d801dd8d6396cf72af29bddf36d0b29cfe7efeac8024e408635d8232053babda"	"$(o)После некоторых дискуссий с верховным консулом Эльфийских Садов, мы решили объединить усилия. Прочитав Ваш ""Лексикон Ботании"" мы обнаружили в Вашем мире наличие большого количества ресурсов, которые мы чрезвычайно заинтересованы получить в свои руки, так как они не существуют на наших землях."	"$(o)После долгих обсуждений в Высшем совете Эльфийской стражи мы решили сотрудничать с вами. Видите ли, в вашем ""Лексиконе Ботании"" упоминаются некоторые ресурсы вашего мира, которые мы очень хотели бы заполучить: в наших землях их попросту нет.$(0)"	"Исправлено по исчерпывающему заключению checkpoint-review."	"APPROVED"	"/root/checkpoint12_second_review"	"$(o)После долгих обсуждений в Высшем совете Эльфийской стражи мы решили сотрудничать с вами. Видите ли, в вашем ""Лексиконе Ботании"" упоминаются некоторые ресурсы вашего мира, которые мы очень хотели бы заполучить: в наших землях их попросту нет.$(0)"	"SECOND_LANGUAGE_REVIEW"
"patchouli-lang:botania:botania.page.elfMessage3"	"sha256:bcb7675b40b1fba5cab11775b0fa0a8f50bc6a07823e6d75fa0a5fcae5d04a02"	"$(o)Связь, которую Вы сумели установить, слаба, живые существа не смогут пройти, как Вы уже знаете. Однако в этом есть и положительная сторона, связь проходит сквозь ткань времени обоих наших миров, по пути теряя синхронизацию, поэтому Вы получили Вашу книгу обратно так быстро."	"$(o)Установленная вами связь, к сожалению, слишком слаба, чтобы переносить живых существ: вероятно, причина в огромном расстоянии между нашими мирами. Жаль: мы хотели встретиться с нашим торговым партнёром лично. Зато связь позволяет менять синхронизацию времени в наших мирах, поэтому вы получите книгу обратно так быстро — по крайней мере, с вашей точки зрения.$(0)"	"Исправлено по исчерпывающему заключению checkpoint-review."	"APPROVED"	"/root/checkpoint12_second_review"	"$(o)Установленная вами связь, к сожалению, слишком слаба, чтобы переносить живых существ: вероятно, причина в огромном расстоянии между нашими мирами. Жаль: мы хотели встретиться с нашим торговым партнёром лично. Зато связь позволяет менять синхронизацию времени в наших мирах, поэтому вы получите книгу обратно так быстро — по крайней мере, с вашей точки зрения.$(0)"	"SECOND_LANGUAGE_REVIEW"
"patchouli-lang:botania:botania.page.elfMessage5"	"sha256:0a29a917cf0f322ceaa8a360d094cd93f2862e24bde39d9e3949d577d37922f2"	"$(o)Мы взяли на себя смелость, и дали задание нашим лучшим писцам, собрать большой набор знаний из нашего мира, которым мы готовы поделиться. Вы можете найти эти знания в своём Лексиконе. Надеемся, Вы найдете их поучительными и что они поощрят вас использовать наши материалы для создания этих уникальных предметов."	"$(o)Мы поручили лучшим писцам перенести в ваш лексикон большую часть знаний нашего мира. Надеемся, они окажутся для вас полезны и побудят вас использовать наши материалы.$(0)"	"Исправлено по исчерпывающему заключению checkpoint-review."	"APPROVED"	"/root/checkpoint12_second_review"	"$(o)Мы поручили лучшим писцам перенести в ваш лексикон большую часть знаний нашего мира. Надеемся, они окажутся для вас полезны и побудят вас использовать наши материалы.$(0)"	"SECOND_LANGUAGE_REVIEW"
"patchouli-lang:botania:botania.page.elfResources0"	"sha256:77b8af7c9632ef545d7ad2b99d8bd195b99feacaad1947d03979bdda73919521"	"$(thing)Эльфхейм$(0) содержит очень разнообразный набор изысканных ресурсов. К сожалению, большинство их крайне редки и труднодобываемы, в связи с конкуренцией между кланами. Эльфы заинтересованы в обмене некоторыми материалами, такими как $(item)Древесина мечтаний$(0), $(item)Элементий$(0), $(item)Пыльца фей$(0) или $(item)Камень дракона$(0), на ресурсы Вашего мира."	"$(thing)Эльфхейм$(0) богат ценными ресурсами. К сожалению, из-за соперничества эльфийских кланов большинство из них довольно редки. Эльфы, с которыми вы связались, хотят обменять местные ресурсы — $(item)Древесину мечтаний$(0), $(item)Элементий$(0), $(item)Пыльцу фей$(0) и $(item)Камни дракона$(0) — на ресурсы вашего мира."	"Неестественная сочетаемость и неверная логика обмена."	"APPROVED"	"/root/checkpoint12_second_review"	"$(thing)Эльфхейм$(0) богат ценными ресурсами. К сожалению, из-за соперничества эльфийских кланов большинство из них довольно редки. Эльфы, с которыми вы связались, хотят обменять местные ресурсы — $(item)Древесину мечтаний$(0), $(item)Элементий$(0), $(item)Пыльцу фей$(0) и $(item)Камни дракона$(0) — на ресурсы вашего мира."	"SECOND_LANGUAGE_REVIEW"
"patchouli-lang:botania:botania.page.elfResources6"	"sha256:4757f0560edd3f179bf19048ad551ba7e0b10ba67a0e081085eba3c6d48c3ebe"	"$(item)Эльфы$(0) также довольно заинтересованы в строительстве шикарного белого квартала из $(thing)Незера$(0), $(item)Незер-кварца$(0), так как их мир имеет зелеёый оттенок. Эльфийский кварц используется также как и любой другой, будь то простой кварц или любой из вариантов декоративного. Вы можете найти информацию о нем в статье $(thing)Декоративные блоки$(0) из раздела $(thing)Разное$(0)."	"$(item)Эльфы$(0) также заинтересованы в белом изысканном материале из $(thing)Незера$(0) — $(item)Незер-кварце$(0), ведь кварц в их мире имеет зелёный оттенок. По свойствам эльфийский кварц не отличается от других видов кварца, включая обычный Незер-кварц и его декоративные варианты. Подробнее читайте в статье $(thing)Декоративные блоки$(0) раздела $(thing)Разное$(0)."	"Исправлено по исчерпывающему заключению checkpoint-review."	"APPROVED"	"/root/checkpoint12_second_review"	"$(item)Эльфы$(0) также заинтересованы в белом изысканном материале из $(thing)Незера$(0) — $(item)Незер-кварце$(0), ведь кварц в их мире имеет зелёный оттенок. По свойствам эльфийский кварц не отличается от других видов кварца, включая обычный Незер-кварц и его декоративные варианты. Подробнее читайте в статье $(thing)Декоративные блоки$(0) раздела $(thing)Разное$(0)."	"SECOND_LANGUAGE_REVIEW"
"patchouli-lang:botania:botania.page.gaiaRitual3"	"sha256:51c6987be07cd066a8a356aea1e1ac134f25ea6cfbc4e8bc86bd40870759be3c"	"Чтобы начать ритуал, просто кликните Shift+ПКМ на блоке $(item)Маяка$(0) со $(item)Слитком террастали$(0) в руке, сделайте шаг назад и готовьтесь к борьбе за свою жизнь. Вам потребуются все Ваши умения для борьбы с $(thing)Хранителем Гайи$(0), бой может быть сложнее, чем бой с $(thing)Иссушителем$(0). После победы над $(thing)Хранителем$(0), можно забрать свой приз - горстку $(item)Духа Гайи$(0)."	"Чтобы начать ритуал, присядьте и нажмите ПКМ по $(item)Маяку$(0), держа в руке $(l:basics/terrasteel)$(item)Слиток террастали$(0)$(/l); затем отойдите и приготовьтесь сражаться за свою жизнь. Подготовка необходима: бой с $(thing)Хранителем Гайи$(0) может оказаться сложнее боя с $(thing)Иссушителем$(0). После победы над $(thing)Хранителем$(0) вы получите в награду горсть $(item)Духов Гайи$(0)."	"Восстановлено естественное управление «сражаться за свою жизнь»."	"APPROVED"	"/root/checkpoint12_second_review"	"Чтобы начать ритуал, присядьте и нажмите ПКМ по $(item)Маяку$(0), держа в руке $(l:basics/terrasteel)$(item)Слиток террастали$(0)$(/l); затем отойдите и приготовьтесь сражаться за свою жизнь. Подготовка необходима: бой с $(thing)Хранителем Гайи$(0) может оказаться сложнее боя с $(thing)Иссушителем$(0). После победы над $(thing)Хранителем$(0) вы получите в награду горсть $(item)Духов Гайи$(0)."	"SECOND_LANGUAGE_REVIEW"
"patchouli-lang:botania:botania.page.kingKey0"	"sha256:afaba3cf28edfafcf70ae12f47060e60183cda6758133e65a8a9b7fad4c77f74"	"$(item)Ключ от Королевского арсенала$(0) — могущественная реликвия, способная материализовать оружие из воздуха. Удерживание ПКМ ключом начнет призыв светящихся снарядов... откуда-то. Одновременно можно создать до двадцати снарядов, и, отпустив ключ, Вы запустите их по одному в ту точку, на которую направлен ваш взгляд. Эти снаряды движутся с высокой скоростью и взрываются при контакте."	"$(item)Ключ от Королевского арсенала$(0) — могущественная реликвия, материализующая оружие из воздуха. Удерживайте ПКМ ключом, чтобы призвать светящиеся снаряды. Одновременно можно создать до двадцати снарядов; отпустите ключ, и они один за другим полетят туда, куда направлен ваш взгляд. Снаряды движутся быстро и взрываются при столкновении."	"Полное повторное редакторское чтение: исправлены смысл, грамматика, пунктуация и неестественные обороты; технические токены сохранены."	"APPROVED"	"/root/checkpoint12_second_review"	"$(item)Ключ от Королевского арсенала$(0) — могущественная реликвия, материализующая оружие из воздуха. Удерживайте ПКМ ключом, чтобы призвать светящиеся снаряды. Одновременно можно создать до двадцати снарядов; отпустите ключ, и они один за другим полетят туда, куда направлен ваш взгляд. Снаряды движутся быстро и взрываются при столкновении."	"SECOND_LANGUAGE_REVIEW"
"patchouli-lang:botania:botania.page.lexicon0"	"sha256:e5a71e94ee2c112afbc6ddecd5082616da3945344557ec7d10252a3f2acc6c2c"	"$(item)Лексикон Ботании$(0) - это кладезь всех знаний для Ваших ботанических нужд. Но Вы, наверное, уже и так знали это.$(p)Вся информация находится здесь. Для удобства, если у какого-то блока есть описание, Вы можете нажать Shift+ПКМ, держа $(item)Лексикон Ботании$(0) в руке, чтобы открыть это описание."	"$(item)Лексикон Ботании$(0) — кладезь знаний для ботаника. Впрочем, вы, вероятно, уже это знаете.$(p)Вся информация собрана здесь. Если у блока есть описание, возьмите $(item)Лексикон Ботании$(0) в руку и нажмите Shift+ПКМ по блоку, чтобы открыть его."	"Полное повторное редакторское чтение: исправлены смысл, грамматика, пунктуация и неестественные обороты; технические токены сохранены."	"APPROVED"	"/root/checkpoint12_second_review"	"$(item)Лексикон Ботании$(0) — кладезь знаний для ботаника. Впрочем, вы, вероятно, уже это знаете.$(p)Вся информация собрана здесь. Если у блока есть описание, возьмите $(item)Лексикон Ботании$(0) в руку и нажмите Shift+ПКМ по блоку, чтобы открыть его."	"SECOND_LANGUAGE_REVIEW"
"patchouli-lang:botania:botania.page.pureDaisy0"	"sha256:258370733e319a9a2d033800c9b71505c0b4aa08d0bbd40830882564bc339194"	"$(item)Чистая Маргаритка$(0) - это не только самый первый, но и самый важный цветок для ботаника.$(p)Этот цветок, как показано на след. странице, будет очищать и превращать стоящие вплотную блоки $(item)Дерева$(0) и $(item)Камня$(0) в их очищенные версии: $(item)Жизнедерево$(0) и $(item)Жизнекамень$(0), которые потом пригодятся Вам для создании многих вещей."	"$(item)Чистая Маргаритка$(0) — не только самый простой, но и самый важный цветок для ботаника.$(p)Этот цветок превращает соседние блоки $(item)Дерева$(0) и $(item)Камня$(0) (как показано на следующей странице) в $(item)Жизнедерево$(0) и $(item)Жизнекамень$(0). Эти материалы пригодятся вам для создания множества предметов."	"Ошибка «для создании» и неестественная конструкция."	"APPROVED"	"/root/checkpoint12_second_review"	"$(item)Чистая Маргаритка$(0) — не только самый простой, но и самый важный цветок для ботаника.$(p)Этот цветок превращает соседние блоки $(item)Дерева$(0) и $(item)Камня$(0) (как показано на следующей странице) в $(item)Жизнедерево$(0) и $(item)Жизнекамень$(0). Эти материалы пригодятся вам для создания множества предметов."	"SECOND_LANGUAGE_REVIEW"
"patchouli-lang:botania:botania.page.runeAltar21"	"sha256:4e485dfcd46478aaaf2f36058c7c1412b42040fe23760bfe74b85e3cf94bc24d"	"Создание рун - это довольно важный шаг в развитии ботанической магии. И чтобы узнать, как их создавать, Вам, в первую очередь, нужно хорошо понимать, как управлять маной. Поэтому прежде чем продолжить, прочитайте важные статьи в разделе $(thing)Управление маной$(0) (написаны $(o)Курсивом$(0))."	"Создание рун — важный шаг в развитии ботанической магии. Чтобы научиться их создавать, сначала нужно хорошо разобраться в управлении маной. Поэтому прежде чем продолжить, прочитайте важные статьи в разделе $(thing)Управление маной$(0) (они выделены $(o)курсивом$(0))."	"Исправлено по исчерпывающему заключению checkpoint-review."	"APPROVED"	"/root/checkpoint12_second_review"	"Создание рун — важный шаг в развитии ботанической магии. Чтобы научиться их создавать, сначала нужно хорошо разобраться в управлении маной. Поэтому прежде чем продолжить, прочитайте важные статьи в разделе $(thing)Управление маной$(0) (они выделены $(o)курсивом$(0))."	"SECOND_LANGUAGE_REVIEW"
"patchouli-lang:botania:botania.page.runeAltar0"	"sha256:d61b0af49521c6a478d6a5163f0b4a6c1b3a2a56f30f6095e5a15dd0599daeac"	"$(item)Руны$(0) - это чрезвычайно важные компоненты, использующиеся в создании сложных магических устройств и продвинутой флоры. Чтобы их сделать, Вам понадобится, как Вы уже могли догадаться, $(item)Рунический алтарь$(0).$(p)Для начала разложите на нем предметы, необходимые для создания нужной руны, нажимая ими ПКМ по алтарю или просто бросая их на него."	"$(item)Руны$(0) — важнейшие компоненты для сложных магических устройств и продвинутой флоры. Для их создания вам понадобится $(item)Рунический алтарь$(0).$(p)Разложите на нём предметы для нужной руны: нажимайте ими ПКМ по алтарю или просто бросайте на него."	"Полное повторное редакторское чтение: исправлены смысл, грамматика, пунктуация и неестественные обороты; технические токены сохранены."	"APPROVED"	"/root/checkpoint12_second_review"	"$(item)Руны$(0) — важнейшие компоненты для сложных магических устройств и продвинутой флоры. Для их создания вам понадобится $(item)Рунический алтарь$(0).$(p)Разложите на нём предметы для нужной руны: нажимайте ими ПКМ по алтарю или просто бросайте на него."	"SECOND_LANGUAGE_REVIEW"
"patchouli-lang:botania:botania.page.runeAltar22"	"sha256:33b224ed10248813f3a633287948d5ca7ab0f986b164711e91a35bf7d889f7e0"	"Любые руны, которые используются для создания чего-либо на $(item)Руническом Алтаре$(0), действуют в качестве катализаторов и не тратятся после завершения создания.$(p)Как и с $(l:basics/apothecary)$(item)Лепестковым Аптекарем$(0)$(/l), нажав ПКМ по алтарю пустой рукой, Вы выложите на него те предметы, что использовались в последнем рецепте."	"Любые руны, используемые в рецептах на $(item)Руническом Алтаре$(0), служат катализаторами и возвращаются после завершения рецепта.$(p)Как и с $(l:basics/apothecary)$(item)Лепестковым Аптекарем$(0)$(/l), после завершения рецепта нажмите ПКМ по алтарю пустой рукой, чтобы сразу добавить новый набор предметов из прошлого рецепта и ускорить массовое создание."	"Устранена неестественная и двусмысленная формулировка массового создания."	"APPROVED"	"/root/checkpoint12_second_review"	"Любые руны, используемые в рецептах на $(item)Руническом Алтаре$(0), служат катализаторами и возвращаются после завершения рецепта.$(p)Как и с $(l:basics/apothecary)$(item)Лепестковым Аптекарем$(0)$(/l), после завершения рецепта нажмите ПКМ по алтарю пустой рукой, чтобы сразу добавить новый набор предметов из прошлого рецепта и ускорить массовое создание."	"SECOND_LANGUAGE_REVIEW"
"patchouli-lang:botania:botania.page.terrasteel0"	"sha256:35fbb6d26f38a7a5a2fd63aff2253757cabab733d6fba6e66719bed0eb19669a"	"$(item)Террасталь$(0) - это сложный магический сплав, наполненный $(thing)маной$(0), для создания которого требуется немало усилий. Для начала Вам нужно создать особую пластину (см. дальше) и поставить ее на структуру из $(item)Блоков лазурита$(0) и $(item)Жизнекамня$(0), расположенных в шахматном порядке. Также необходимо провести к этому блоку $(thing)ману$(0), и лучше всего делать это с помощью $(item)Искр$(0)."	"$(item)Террасталь$(0) — сложный магический сплав, наполненный $(thing)маной$(0), для создания которого требуется немало усилий. Сначала создайте особую пластину (см. дальше) и поставьте её на структуру из $(item)Блоков лазурита$(0) и $(item)Жизнекамня$(0), расположенных в шахматном порядке. Затем подайте к пластине $(thing)ману$(0), лучше всего с помощью $(item)Искр$(0)."	"Исправлено по исчерпывающему заключению checkpoint-review."	"APPROVED"	"/root/checkpoint12_second_review"	"$(item)Террасталь$(0) — сложный магический сплав, наполненный $(thing)маной$(0), для создания которого требуется немало усилий. Сначала создайте особую пластину (см. дальше) и поставьте её на структуру из $(item)Блоков лазурита$(0) и $(item)Жизнекамня$(0), расположенных в шахматном порядке. Затем подайте к пластине $(thing)ману$(0), лучше всего с помощью $(item)Искр$(0)."	"SECOND_LANGUAGE_REVIEW"
"patchouli-lang:botania:botania.page.terrasteel2"	"sha256:fc3018fa74b02a0701123575061d92994959bb0c4afb1daf5b28efb0148a44e2"	"Как только пластина готова принимать $(thing)ману$(0), киньте на нее $(item)Слиток манастали, Маналмаз и Жемчуг маны$(0) (по одному), и процесс наполнения начнется. Подобрав любой выкинутый в нее предмет, Вы остановите наполнение и $(thing)потеряете ману$(0). Кстати на создание одной $(thing)Террастали$(0) уйдет ровно половина $(item)Бассейна маны$(0). А использование $(item)Искр$(0) ускорит процесс."	"Когда пластина готова принимать $(thing)ману$(0), бросьте на неё по одному $(item)слитку манастали, маналмазу и жемчужине маны$(0) — начнётся вливание маны. Если подобрать любой предмет, процесс прервётся и вся переданная пластине $(thing)мана$(0) будет потеряна. На одну $(thing)Террасталь$(0) уходит примерно половина $(item)Бассейна маны$(0); несколько $(item)Искр$(0) ускорят процесс."	"Потерян тяжёлый расход маны, неверное «ровно», пунктуация."	"APPROVED"	"/root/checkpoint12_second_review"	"Когда пластина готова принимать $(thing)ману$(0), бросьте на неё по одному $(item)слитку манастали, маналмазу и жемчужине маны$(0) — начнётся вливание маны. Если подобрать любой предмет, процесс прервётся и вся переданная пластине $(thing)мана$(0) будет потеряна. На одну $(thing)Террасталь$(0) уходит примерно половина $(item)Бассейна маны$(0); несколько $(item)Искр$(0) ускорят процесс."	"SECOND_LANGUAGE_REVIEW"
"patchouli-lang:botania:botania.page.wand1"	"sha256:6c1e3bb879758d25fde1d2c13e1ec6fc5c625f332c3ebb080e5550e9563ca2cc"	"Посох имеет два режима: $(thing)Режим привязки$(0) и $(thing)Режим управления$(0). Кликнув Shift+ПКМ по нужному блоку в $(thing)Режиме привязки$(0), Вы выделите его. После этого, нажав Shift+ПКМ уже по другому блоку, Вы привяжете их друг к другу. В $(thing)Режиме управления$(0) это сделать просто не получится.$(p)Переключить режим можно, кликнув Shift+ПКМ по воздуху."	"Посох имеет два режима: $(thing)Режим привязки$(0) и $(thing)Режим управления$(0). В $(thing)Режиме привязки$(0) присядьте и нажмите ПКМ по совместимому блоку, чтобы выбрать его, а затем так же нажмите по другому блоку, чтобы связать их. В $(thing)Режиме управления$(0) эта функция отключена и сочетание можно использовать для других действий.$(p)Чтобы переключить режим, присядьте и нажмите ПКМ посохом в воздухе."	"Исправлено по исчерпывающему заключению checkpoint-review."	"APPROVED"	"/root/checkpoint12_second_review"	"Посох имеет два режима: $(thing)Режим привязки$(0) и $(thing)Режим управления$(0). В $(thing)Режиме привязки$(0) присядьте и нажмите ПКМ по совместимому блоку, чтобы выбрать его, а затем так же нажмите по другому блоку, чтобы связать их. В $(thing)Режиме управления$(0) эта функция отключена и сочетание можно использовать для других действий.$(p)Чтобы переключить режим, присядьте и нажмите ПКМ посохом в воздухе."	"SECOND_LANGUAGE_REVIEW"
"patchouli-lang:botania:botania.page.welcome0"	"sha256:ca10ecd14f10bcf8db904b2b2ba165f53c7fabe5128319f432877208d4815799"	"$(o)Добро пожаловать в Ботанию! Поздравляю с отличным решением соединить саженец и книгу. Или просто найти этот том в сундуке - смотря что произошло.$(p)$(o)Листайте книгу стрелками внизу страницы или колесом мыши."	"$(o)Добро пожаловать в Ботанию! Поздравляю: привязать саженец к книге — отличная идея. Или, возможно, вы просто нашли этот том в сундуке. Как бы то ни было.$(p)$(o)Листайте книгу стрелками внизу страницы или колесом мыши.$(0)"	"Исправлено по исчерпывающему заключению checkpoint-review."	"APPROVED"	"/root/checkpoint12_second_review"	"$(o)Добро пожаловать в Ботанию! Поздравляю: привязать саженец к книге — отличная идея. Или, возможно, вы просто нашли этот том в сундуке. Как бы то ни было.$(p)$(o)Листайте книгу стрелками внизу страницы или колесом мыши.$(0)"	"SECOND_LANGUAGE_REVIEW"
"patchouli-lang:botania:botania.page.auraRing0"	"sha256:335a4a5bb268c2a8e2815c340c4d8c4cb0126efc66d8b826546356b5b40ad6ad"	"$(item)Кольцо ауры$(0) немного отличается от обычного $(item)Кольца маны$(0). Вместо хранения $(thing)Маны$(0), оно медленно создаёт её и наполняет $(thing)Маной$(0) предметы в Вашем инвентаре.$(p)Используя немного $(item)Террастали$(0) можно создать более мощное кольцо, которое генерирует $(thing)Ману$(0) значительно быстрее."	"$(item)Кольцо ауры$(0) похоже на $(l:baubles/mana_ring)$(item)Кольцо маны$(0)$(/l), но не хранит $(thing)Ману$(0): надетое кольцо медленно создаёт её и пополняет предметы, хранящие $(thing)ману$(0), в вашем инвентаре.$(p)Покройте кольцо слитком $(l:basics/terrasteel)$(item)Террастали$(0)$(/l), чтобы оно генерировало $(thing)Ману$(0) значительно быстрее."	"Исправлено по исчерпывающему заключению checkpoint-review."	"APPROVED"	"/root/checkpoint12_second_review"	"$(item)Кольцо ауры$(0) похоже на $(l:baubles/mana_ring)$(item)Кольцо маны$(0)$(/l), но не хранит $(thing)Ману$(0): надетое кольцо медленно создаёт её и пополняет предметы, хранящие $(thing)ману$(0), в вашем инвентаре.$(p)Покройте кольцо слитком $(l:basics/terrasteel)$(item)Террастали$(0)$(/l), чтобы оно генерировало $(thing)Ману$(0) значительно быстрее."	"SECOND_LANGUAGE_REVIEW"
"patchouli-lang:botania:botania.page.cosmeticBaubles32"	"sha256:695addd5e5c10d513dc237295602c0b4cb64a73c794739dc628f55ba1702ffff"	"Теперь Вы тоже можете верить"	"Теперь вы тоже можете верить"	"Полное повторное редакторское чтение: исправлены смысл, грамматика, пунктуация и неестественные обороты; технические токены сохранены."	"APPROVED"	"/root/checkpoint12_second_review"	"Теперь вы тоже можете верить"	"SECOND_LANGUAGE_REVIEW"
"patchouli-lang:botania:botania.page.goddessCharm0"	"sha256:bd741d5af6342279268cba39b0a505ee58f212d6c9d430cefb9219498a18fd6b"	"$(item)Очарование доброжелательной богини$(0) - это защитная безделушка, которую можно носить в слоте $(thing)брелока$(0).$(p)При ношении потребляет $(thing)Ману$(0) и предотвращает любые взрывы рядом с Вами."	"$(item)Очарование доброжелательной богини$(0) — защитная безделушка для слота $(thing)брелока$(0).$(p)При ношении оно расходует $(thing)Ману$(0) и не даёт взрывам поблизости повреждать блоки."	"Исправлено по исчерпывающему заключению checkpoint-review."	"APPROVED"	"/root/checkpoint12_second_review"	"$(item)Очарование доброжелательной богини$(0) — защитная безделушка для слота $(thing)брелока$(0).$(p)При ношении оно расходует $(thing)Ману$(0) и не даёт взрывам поблизости повреждать блоки."	"SECOND_LANGUAGE_REVIEW"
"patchouli-lang:botania:botania.page.invisibilityCloak0"	"sha256:b599286f8ed20bb1e9d3d420f8350001351f73249c3785bb7f3840f7900ff663"	"Для этой вещи не потребуется много объяснений.$(p)Это безделушка, которую можно носить в слоте $(thing)тела$(0). При ношении плащ будет потреблять небольшое количество $(thing)Маны$(0), накладывая на Вас эффект невидимости."	"$(item)Плащ невидимости$(0) не нуждается в долгих объяснениях.$(p)Его носят в слоте $(thing)тела$(0). Он расходует $(thing)Ману$(0) из инвентаря и делает невидимыми вас и ваши $(thing)безделушки$(0).$(p)Магия."	"Исправлено по исчерпывающему заключению checkpoint-review."	"APPROVED"	"/root/checkpoint12_second_review"	"$(item)Плащ невидимости$(0) не нуждается в долгих объяснениях.$(p)Его носят в слоте $(thing)тела$(0). Он расходует $(thing)Ману$(0) из инвентаря и делает невидимыми вас и ваши $(thing)безделушки$(0).$(p)Магия."	"SECOND_LANGUAGE_REVIEW"
"patchouli-lang:botania:botania.page.itemFinder0"	"sha256:eb785810a35153dc993e294950e598e2ff8a2fb4fd0e1b46fba8d0fbd2e03b87"	"$(item)Инспектор$(0) это головная повязка, которая позволяет носителю лучше чувствовать окружающий мир. Удерживая в руке какой-либо элемент, любой $(thing)Контейнер$(0) (сундук, вагонетка, ослик с сундуком, печь, и т.д.), содержащий предмет этого типа, а также $(thing)Мобы$(0) которые держат этот предмет, $(o)(...)$(0)"	"$(item)Спектатор$(0) — головная повязка, позволяющая лучше воспринимать окружающий мир. Когда её владелец держит предмет в руке, всё перечисленное ниже испускает разноцветные частицы, чтобы его было легче заметить:"	"Контрольный пример: нужен общий деятель и точный смысл частиц."	"APPROVED"	"/root/checkpoint12_second_review"	"$(item)Спектатор$(0) — головная повязка, позволяющая лучше воспринимать окружающий мир. Когда её владелец держит предмет в руке, всё перечисленное ниже испускает разноцветные частицы, чтобы его было легче заметить:"	"SECOND_LANGUAGE_REVIEW"
"patchouli-lang:botania:botania.page.itemFinder1"	"sha256:7c13e1d7228c14a64dcb3f603abe8f5a17a64546b5d544e26c988a91a141c2cd"	"$(o)(...)$(0) $(thing)Игроки$(0), имеющие этот предмет в инвентаре, и $(thing)Жители$(0), которые хотят им поторговать, будут светиться частицами зеленого цвета, позволяя их легко обнаружить.$(p)Если вы крадётесь, то все брошенные предметы вокруг игрока будут светиться, независимо от типа предмета в руке."	"$(li)$(thing)контейнеры$(0) (сундуки, вагонетки, печи и т. д.) с этим предметом,$(li)$(thing)выброшенные предметы$(0) этого типа,$(li)$(thing)мобы$(0) с этим предметом в снаряжении,$(li)$(thing)игроки$(0) или $(thing)вьючные животные$(0) (ламы, мулы и т. д.) с этим предметом в инвентаре,$(li)$(thing)жители$(0), торгующие этим предметом.$(p)Когда носитель крадётся, все выброшенные рядом предметы будут светиться независимо от предмета в руке."	"Контрольный список был фрагментом и терял условия подсветки."	"APPROVED"	"/root/checkpoint12_second_review"	"$(li)$(thing)контейнеры$(0) (сундуки, вагонетки, печи и т. д.) с этим предметом,$(li)$(thing)выброшенные предметы$(0) этого типа,$(li)$(thing)мобы$(0) с этим предметом в снаряжении,$(li)$(thing)игроки$(0) или $(thing)вьючные животные$(0) (ламы, мулы и т. д.) с этим предметом в инвентаре,$(li)$(thing)жители$(0), торгующие этим предметом.$(p)Когда носитель крадётся, все выброшенные рядом предметы будут светиться независимо от предмета в руке."	"SECOND_LANGUAGE_REVIEW"
"patchouli-lang:botania:botania.page.monocle0"	"sha256:dd5f13b88be2d3b263f544d758ebdcdc3040d1ecceff12d12113de6ce52968a5"	"Монокль - это удобный аксессуар для тех, кто хочет узнать, откуда идут $(thing)Всплески маны$(0). Монокль также позволит Вам видеть все близлежащие $(thing)Всплески маны$(0) даже сквозь стены. Более важным, пожалуй, является то, что когда Вы носите монокль и смотрите на цветок, Вы сможете увидеть его зону действия."	"$(item)Монокль$(0) позволяет узнать, куда направлены $(thing)Всплески маны$(0), и видеть близлежащие $(thing)Всплески маны$(0) даже сквозь стены. А главное: наденьте монокль и посмотрите на цветок, чтобы увидеть его зону действия."	"Исправлено по исчерпывающему заключению checkpoint-review."	"APPROVED"	"/root/checkpoint12_second_review"	"$(item)Монокль$(0) позволяет узнать, куда направлены $(thing)Всплески маны$(0), и видеть близлежащие $(thing)Всплески маны$(0) даже сквозь стены. А главное: наденьте монокль и посмотрите на цветок, чтобы увидеть его зону действия."	"SECOND_LANGUAGE_REVIEW"
"patchouli-lang:botania:botania.page.speedUpBelt0"	"sha256:3d82597a71cd22c3ab8534b575df243b68c0d20f0b3caf9eafcc0aa199c71c66"	"$(item)Кушак ускорения$(0) является альтернативой $(item)Кушака Пилигрима$(0).$(p)По сравнению с $(item)Кушаком Пилигрима$(0), $(item)Кушак ускорения$(0) увеличивает скорость передвижения не сразу. Таким образом, чем больше Вы ходите, тем Вы быстрее. Если Вы остановитесь, бонус ускорения будет сброшен."	"$(item)Кушак ускорения$(0) — альтернатива $(item)Кушаку Пилигрима$(0).$(p)В отличие от $(item)Кушака Пилигрима$(0), $(item)Кушак ускорения$(0) ускоряет не сразу: чем дольше вы идёте, тем быстрее движетесь. Если остановиться, бонус сбрасывается."	"Полное повторное редакторское чтение: исправлены смысл, грамматика, пунктуация и неестественные обороты; технические токены сохранены."	"APPROVED"	"/root/checkpoint12_second_review"	"$(item)Кушак ускорения$(0) — альтернатива $(item)Кушаку Пилигрима$(0).$(p)В отличие от $(item)Кушака Пилигрима$(0), $(item)Кушак ускорения$(0) ускоряет не сразу: чем дольше вы идёте, тем быстрее движетесь. Если остановиться, бонус сбрасывается."	"SECOND_LANGUAGE_REVIEW"
"patchouli-lang:botania:botania.page.speedUpBelt1"	"sha256:8b23e1bd67f7c6156360bb5724bae47c3b76457be8781eddf119f33c3ec14cc4"	"Если Вы медленно передвигаетесь, Вы Мироходец"	"Если вы медленно передвигаетесь, вы мироходец"	"Исправлено по исчерпывающему заключению checkpoint-review."	"APPROVED"	"/root/checkpoint12_second_review"	"Если вы медленно передвигаетесь, вы мироходец"	"SECOND_LANGUAGE_REVIEW"
"patchouli-lang:botania:botania.page.superLavaPendant1"	"sha256:78514c5f6d30a44b557932043041f638cb801f031045d58f2935678377eca677"	"Теперь Вы можете принять лавовую ванну"	"Теперь вы можете принять лавовую ванну"	"Полное повторное редакторское чтение: исправлены смысл, грамматика, пунктуация и неестественные обороты; технические токены сохранены."	"APPROVED"	"/root/checkpoint12_second_review"	"Теперь вы можете принять лавовую ванну"	"SECOND_LANGUAGE_REVIEW"
"patchouli-lang:botania:botania.page.swapRing0"	"sha256:f6e94c7188dcdc97b1422e417da364e4e7becec388a80e6cbebe48413d6f28db"	"Переключение инструментов - это боль. Люди часто копают землю... киркой? Использование $(item)Кольца исправления$(0) - отличный способ избежать этого.$(p)При ношении кольцо будет самостоятельно менять инструменты у Вас в руках для добычи блоков, но это будет работать только с теми инструментами, которые могут использовать $(thing)Ману$(0)."	"Менять инструменты — утомительно. Бывает, что землю приходится копать… киркой? $(item)Кольцо исправления$(0) поможет этого избежать.$(p)При ношении кольцо само меняет инструмент в руке для добычи блока, но работает только с инструментами, способными использовать $(thing)Ману$(0)."	"Полное повторное редакторское чтение: исправлены смысл, грамматика, пунктуация и неестественные обороты; технические токены сохранены."	"APPROVED"	"/root/checkpoint12_second_review"	"Менять инструменты — утомительно. Бывает, что землю приходится копать… киркой? $(item)Кольцо исправления$(0) поможет этого избежать.$(p)При ношении кольцо само меняет инструмент в руке для добычи блока, но работает только с инструментами, способными использовать $(thing)Ману$(0)."	"SECOND_LANGUAGE_REVIEW"
"patchouli-lang:botania:botania.page.tinyPlanet0"	"sha256:0c345c10448c78c66a6d6c13087e33f7c5c682bdccd0039434c0e0c33b646e0d"	"$(item)Микропланета$(0) это $(thing)безделушка$(0) с гравитационными свойствами. Когда $(item)Микропланета$(0) экипирована, она притянет ближайшие $(thing)Всплески маны$(0) к игроку, заставя их двигаться по орбите вокруг него.$(p)Увеличив массу микропланеты с помощью $(item)Камня$(0), можно разместить её в мире с тем же эффектом."	"$(item)Микропланета$(0) — $(thing)безделушка$(0) с гравитационными свойствами. Когда она надета, то притягивает ближайшие $(thing)Всплески маны$(0) к игроку, заставляя их двигаться по орбите вокруг него.$(p)Увеличив массу микропланеты с помощью $(item)Камня$(0), её можно разместить в мире с тем же эффектом."	"Исправлено по исчерпывающему заключению checkpoint-review."	"APPROVED"	"/root/checkpoint12_second_review"	"$(item)Микропланета$(0) — $(thing)безделушка$(0) с гравитационными свойствами. Когда она надета, то притягивает ближайшие $(thing)Всплески маны$(0) к игроку, заставляя их двигаться по орбите вокруг него.$(p)Увеличив массу микропланеты с помощью $(item)Камня$(0), её можно разместить в мире с тем же эффектом."	"SECOND_LANGUAGE_REVIEW"
"patchouli-lang:botania:botania.page.forestEye0"	"sha256:ecf5ed2f202bfa6061d8d6f61ac2de49ff3a059ed8efc5ed891a75d16df4fe6d"	"Как и древние, которые использовали глаз, чтобы изучать мир в поиске живых существ, Ваш $(item)Глаз Древних$(0), будет делать то же самое.$(p)Присоединённый к глазу $(item)Компаратор$(0), будет посылать Редстоун сигнал эквивалентный количеству животных находящихся рядом с ним."	"Подобно древним, использовавшим глаз для поиска живых существ, ваш $(item)Глаз Древних$(0) делает то же самое.$(p)Подключённый к глазу $(item)Компаратор$(0) выдаёт сигнал Редстоуна, сила которого соответствует числу животных поблизости."	"Полное повторное редакторское чтение: исправлены смысл, грамматика, пунктуация и неестественные обороты; технические токены сохранены."	"APPROVED"	"/root/checkpoint12_second_review"	"Подобно древним, использовавшим глаз для поиска живых существ, ваш $(item)Глаз Древних$(0) делает то же самое.$(p)Подключённый к глазу $(item)Компаратор$(0) выдаёт сигнал Редстоуна, сила которого соответствует числу животных поблизости."	"SECOND_LANGUAGE_REVIEW"
"patchouli-lang:botania:botania.page.hourglass4"	"sha256:ec8cc638338e383f46eba4d4e9f28a3656e53a8a28957573b2df2c50350ff723"	"Щелчок правой кнопкой мыши по блоку с помощью $(item)Посох леса$(0) блокирует (и разблокирует) его. Если вы заблокировали, песок не может быть добавлен или удален, на случай, если кто-то щелкнет его правой кнопкой мыши на аварии. $(p)Если a $(thing)Всплеск ману$(0) сталкивается с блоком, это остановит поток песка и остановит таймер."	"Кликните ПКМ $(item)Посохом леса$(0) по блоку, чтобы заблокировать или разблокировать его. В заблокированный блок нельзя добавить или из него убрать песок, даже если кто-то случайно кликнет ПКМ.$(p)Если $(thing)Всплеск маны$(0) столкнётся с блоком, поток песка и таймер остановятся. Следующий всплеск снова запустит таймер."	"Восстановлено пропущенное возобновление таймера следующим всплеском."	"APPROVED"	"/root/checkpoint12_second_review"	"Кликните ПКМ $(item)Посохом леса$(0) по блоку, чтобы заблокировать или разблокировать его. В заблокированный блок нельзя добавить или из него убрать песок, даже если кто-то случайно кликнет ПКМ.$(p)Если $(thing)Всплеск маны$(0) столкнётся с блоком, поток песка и таймер остановятся. Следующий всплеск снова запустит таймер."	"SECOND_LANGUAGE_REVIEW"
"patchouli-lang:botania:botania.page.blackHoleTalisman2"	"sha256:5f77a2dec3d4479677fb0a713967210e4ffcfd12b066f8536f8ac424f23ed5bf"	"Любые блоки, хранящиеся в Талисмане, можно разместить, просто щёлкнув правой кнопкой мыши.$(p)Щелчок правой кнопкой мыши с зажатым Shift Талисманом по инвентрю вложит в него до одного стака блоков. Наконец, Талисман может снабдить $(l:tools/exchange_rod)$(item)Жезл обмена$(0)$(/l) блоками, которые он содержит."	"Блоки из Талисмана можно разместить обычным нажатием ПКМ.$(p)Нажмите ПКМ по инвентарю, держа Талисман и Shift, чтобы поместить в него до стака блоков. Наконец, Талисман может снабжать $(l:tools/exchange_rod)$(item)Жезл обмена$(0)$(/l) хранящимися в нём блоками."	"Исправлено по исчерпывающему заключению checkpoint-review."	"APPROVED"	"/root/checkpoint12_second_review"	"Блоки из Талисмана можно разместить обычным нажатием ПКМ.$(p)Нажмите ПКМ по инвентарю, держа Талисман и Shift, чтобы поместить в него до стака блоков. Наконец, Талисман может снабжать $(l:tools/exchange_rod)$(item)Жезл обмена$(0)$(/l) хранящимися в нём блоками."	"SECOND_LANGUAGE_REVIEW"
"patchouli-lang:botania:botania.page.dreadthorne1"	"sha256:e8aaaa65ef3f44d4408d4e6e07d0dbe099e258633d618f1330d120f2220e9917"	"$(o)Нет Mr.Бонд, Я жду, чтобы Вы умерли$(0)."	"$(o)Таков его образ действий.$(0)"	"Устранена посторонняя цитата и восстановлен смысл английского источника."	"APPROVED"	"/root/checkpoint12_second_review"	"$(o)Таков его образ действий.$(0)"	"SECOND_LANGUAGE_REVIEW"
"patchouli-lang:botania:botania.page.flowerShrinking0"	"sha256:f7160a191b09df2d97348baaa0025e7dd5c969618534949f4419d189b20e5d05"	"Некоторые функциональные цветы имеют слишком большую зону действия. Бросив один из тех немногих цветов в $(item)Бассейн маны$(0) с $(item)Алхимическим катализатором$(0), Вы уменьшите как сам цветок, так и его зону действия."	"Некоторые функциональные цветы действуют на слишком большой площади. Бросьте один из таких цветов в $(l:mana/pool)$(item)Бассейн маны$(0)$(/l) с $(l:devices/mana_alchemy)$(item)Алхимическим катализатором$(0)$(/l), чтобы за небольшое количество $(thing)Маны$(0) уменьшить и сам цветок, и его зону действия. Остальные свойства цветка не изменятся."	"Исправлено по исчерпывающему заключению checkpoint-review."	"APPROVED"	"/root/checkpoint12_second_review"	"Некоторые функциональные цветы действуют на слишком большой площади. Бросьте один из таких цветов в $(l:mana/pool)$(item)Бассейн маны$(0)$(/l) с $(l:devices/mana_alchemy)$(item)Алхимическим катализатором$(0)$(/l), чтобы за небольшое количество $(thing)Маны$(0) уменьшить и сам цветок, и его зону действия. Остальные свойства цветка не изменятся."	"SECOND_LANGUAGE_REVIEW"
"patchouli-lang:botania:botania.page.dandelifeon1"	"sha256:21929b1860fa0a383c4f47bd265617ae51afc0f485b99bbb7933fadb529b6d2a"	"Работа этого цветка основана на клеточном автомате, известном как $(thing)Игра ""Жизнь""$(0). Процесс происходит в области размером  25 × 25, центрированной вокруг $(item)Жизнеодуванчика$(0). $(p)Пока на цветок подаёся сигнал редстоуна, он будет продвигать игру на 2 цикла в секунду."	"Работа этого цветка основана на клеточном автомате $(thing)Игра ""Жизнь""$(0). Автомат действует на поле 25 × 25 с $(item)Жизнеодуванчиком$(0) в центре.$(p)Пока цветок получает сигнал красного камня, он обновляет автомат дважды в секунду."	"Исправлено по исчерпывающему заключению checkpoint-review."	"APPROVED"	"/root/checkpoint12_second_review"	"Работа этого цветка основана на клеточном автомате $(thing)Игра ""Жизнь""$(0). Автомат действует на поле 25 × 25 с $(item)Жизнеодуванчиком$(0) в центре.$(p)Пока цветок получает сигнал красного камня, он обновляет автомат дважды в секунду."	"SECOND_LANGUAGE_REVIEW"
"patchouli-lang:botania:botania.page.gIntro3"	"sha256:a14ac04882f63304bbe6f5b084c3ad21d41f465efd21443a6f5159f28a5494db"	"Выбор первого $(thing)Генерирующего Цветка$(0) - достаточно простая задача. Поскольку Вы ещё начинающий ботаник, у вас есть два варианта: $(item)Эндопламя$(0) и $(item)Водогортензия$(0).$(p)Эндопламя использует $(item)Уголь$(0) или другие горючие ресурсы для создания $(thing)Маны$(0). Водогортензия для создания маны использует источники $(item)Воды$(0)."	"Выбрать первый $(thing)Генерирующий Цветок$(0) довольно просто: начинающему ботанику подойдут $(item)Эндопламя$(0) и $(item)Водогортензия$(0).$(p)Эндопламя использует $(item)Уголь$(0) и другое топливо для выработки $(thing)Маны$(0). Водогортензия использует источники $(item)Воды$(0), но примерно через три дня увядает."	"Исправлено по исчерпывающему заключению checkpoint-review."	"APPROVED"	"/root/checkpoint12_second_review"	"Выбрать первый $(thing)Генерирующий Цветок$(0) довольно просто: начинающему ботанику подойдут $(item)Эндопламя$(0) и $(item)Водогортензия$(0).$(p)Эндопламя использует $(item)Уголь$(0) и другое топливо для выработки $(thing)Маны$(0). Водогортензия использует источники $(item)Воды$(0), но примерно через три дня увядает."	"SECOND_LANGUAGE_REVIEW"
"patchouli-lang:botania:botania.page.munchdew2"	"sha256:d2b35693fd5846b493935c66514715fdeed0e7fefa4a7260dd5e319e3c8ba1c1"	"$(o)Ради продления своей жизни я принимаю Вашу жизнь, жизнь растений~$(0)"	"$(o)Приятного аппетита~$(0)"	"Исправлено по исчерпывающему заключению checkpoint-review."	"APPROVED"	"/root/checkpoint12_second_review"	"$(o)Приятного аппетита~$(0)"	"SECOND_LANGUAGE_REVIEW"
"patchouli-lang:botania:botania.page.dreamwoodSpreader0"	"sha256:ce006e4b22c41ed648ca203762dd2c9259bf3901945b154e094634a57d5a4d89"	"Говоря простым языком, $(item)Древесина мечтаний$(0) намного лучше проводит $(thing)Ману$(0), чем $(item)Жизнедерево$(0). Также положив в окно верстака $(item)Элементий$(0) вместо $(item)Золота$(0), Вы получите $(item)Распространитель$(0), способный проводить больше $(thing)Маны$(0) и работать быстрее. Время, после которого начнется $(thing)Потеря маны$(0), также возрастет. Единственный минус в том, что его нельзя превратить в $(item)Красный распространитель$(0)."	"$(l:alfhomancy/elf_resources)$(item)Древесина мечтаний$(0)$(/l) проводит $(thing)Ману$(0) лучше $(l:basics/pure_daisy)$(item)Жизнедерева$(0)$(/l). В рецепте используется $(l:alfhomancy/elf_resources)$(item)Элементий$(0)$(/l) вместо $(item)меди$(0), и получается $(item)Эльфийский распространитель маны$(0): он передаёт больше $(thing)маны$(0), быстрее и дольше без $(thing)Потери маны$(0).$(p)К сожалению, его нельзя превратить в $(l:mana/redstone_spreader)$(item)Импульсный распространитель$(0)$(/l)."	"Удалено выдуманное ограничение механики и восстановлена корректная разметка терминов."	"APPROVED"	"/root/checkpoint12_second_review"	"$(l:alfhomancy/elf_resources)$(item)Древесина мечтаний$(0)$(/l) проводит $(thing)Ману$(0) лучше $(l:basics/pure_daisy)$(item)Жизнедерева$(0)$(/l). В рецепте используется $(l:alfhomancy/elf_resources)$(item)Элементий$(0)$(/l) вместо $(item)меди$(0), и получается $(item)Эльфийский распространитель маны$(0): он передаёт больше $(thing)маны$(0), быстрее и дольше без $(thing)Потери маны$(0).$(p)К сожалению, его нельзя превратить в $(l:mana/redstone_spreader)$(item)Импульсный распространитель$(0)$(/l)."	"SECOND_LANGUAGE_REVIEW"
"patchouli-lang:botania:botania.page.mIntro1"	"sha256:cd51ba331c45b24bf05cd646708d91945eb8edd5119cabbf9b8571f51c10a69c"	"Чтобы получить $(thing)Ману$(0), Вам понадобится некоторый набор цветов $(thing)Генерирующей флоры$(0) (см. соотв. раздел). $(thing)Ману$(0) можно передать при помощи $(item)Распространителей маны$(0) и хранить в $(item)Бассейнах маны$(0). Она понадобится для гигантского количества разных вещей... Например, для работы $(thing)Функциональных Цветов$(0) (см. одноим. раздел)."	"$(thing)Генерирующая флора$(0) создаёт $(thing)Ману$(0) (подробнее см. в соответствующем разделе). $(thing)Ману$(0) можно извлекать и передавать $(item)Распространителями маны$(0), а хранить — в $(item)Бассейнах маны$(0). Она нужна для многого: например, питает $(thing)Функциональные Цветы$(0)."	"Исправлено по исчерпывающему заключению checkpoint-review."	"APPROVED"	"/root/checkpoint12_second_review"	"$(thing)Генерирующая флора$(0) создаёт $(thing)Ману$(0) (подробнее см. в соответствующем разделе). $(thing)Ману$(0) можно извлекать и передавать $(item)Распространителями маны$(0), а хранить — в $(item)Бассейнах маны$(0). Она нужна для многого: например, питает $(thing)Функциональные Цветы$(0)."	"SECOND_LANGUAGE_REVIEW"
"patchouli-lang:botania:botania.page.manaMirror0"	"sha256:4cabfdea0b32a2e2a5c5cc14368dae4718d4985976a0e6cb7c905e43fc28b8ef"	"$(item)Зеркало маны$(0) - это альтернатива таким $(thing)мана$(0)-содержащим предметам, как $(item)Планшет маны$(0). Зеркало можно привязать к $(item)Бассейну маны$(0), и все предметы в инвентаре, которым нужна $(thing)мана$(0), возьмут ее прямо из этого бассейна.$(p)Нажав зеркалом $(thing)Shift+ПКМ$(0) по бассейну, Вы свяжите их. По-другому зеркало никак не может помещать или брать ману из бассейна."	"$(item)Зеркало маны$(0) — альтернатива предметам, хранящим $(thing)ману$(0), например $(item)Планшету маны$(0). После привязки к $(item)Бассейну маны$(0) предметы в инвентаре, которым нужна $(thing)мана$(0), будут брать её из этого бассейна.$(p)Нажмите зеркалом $(thing)Shift+ПКМ$(0) по бассейну, чтобы связать их. Иначе зеркало не может ни получать ману из бассейна, ни отдавать её ему."	"Устранено дублирование одного и того же действия."	"APPROVED"	"/root/checkpoint12_second_review"	"$(item)Зеркало маны$(0) — альтернатива предметам, хранящим $(thing)ману$(0), например $(item)Планшету маны$(0). После привязки к $(item)Бассейну маны$(0) предметы в инвентаре, которым нужна $(thing)мана$(0), будут брать её из этого бассейна.$(p)Нажмите зеркалом $(thing)Shift+ПКМ$(0) по бассейну, чтобы связать их. Иначе зеркало не может ни получать ману из бассейна, ни отдавать её ему."	"SECOND_LANGUAGE_REVIEW"
"patchouli-lang:botania:botania.page.manaTablet1"	"sha256:1df49deb03083e7792b871bc2445455ba3235db159740376d38398e39d0e1690"	"Кинув один из таких планшетов на $(item)Бассейн маны$(0), Вы позволите $(thing)мане$(0) перемещаться, к примеру, с бассейна на планшет. Нажав по $(item)Бассейну$(0) Shift+ПКМ $(item)Посохом Леса$(0), Вы смените направление, по которому будет перетекать $(thing)мана$(0) (Бассейн->Планшет, Планшет->Бассейн). В отличие от обычных предметов, $(item)Планшет$(0), будучи брошенным на пол, никогда не исчезнет."	"Бросьте планшет в $(l:mana/pool)$(item)Бассейн маны$(0)$(/l), чтобы между ними текла $(thing)мана$(0).$(p)Чтобы изменить направление потока, присядьте и нажмите по бассейну ПКМ либо используйте $(item)Раздатчик$(0), направленный на $(l:mana/pool)$(item)Бассейн маны$(0)$(/l), с $(l:basics/wand)$(item)Посохом Леса$(0)$(/l) внутри. Так изменится направление, в котором течёт $(thing)мана$(0).$(p)В отличие от обычных предметов, выброшенные планшеты никогда не исчезают."	"Восстановлена альтернативная смена направления с помощью раздатчика."	"APPROVED"	"/root/checkpoint12_second_review"	"Бросьте планшет в $(l:mana/pool)$(item)Бассейн маны$(0)$(/l), чтобы между ними текла $(thing)мана$(0).$(p)Чтобы изменить направление потока, присядьте и нажмите по бассейну ПКМ либо используйте $(item)Раздатчик$(0), направленный на $(l:mana/pool)$(item)Бассейн маны$(0)$(/l), с $(l:basics/wand)$(item)Посохом Леса$(0)$(/l) внутри. Так изменится направление, в котором течёт $(thing)мана$(0).$(p)В отличие от обычных предметов, выброшенные планшеты никогда не исчезают."	"SECOND_LANGUAGE_REVIEW"
"patchouli-lang:botania:botania.page.manaVoid0"	"sha256:b793a8723408aca65993653ee3a4417da7cb7f4f0f986eeed2c8b18c1324a313"	"Говоря простым языком, $(item)Мана-пустота$(0) - это могила для $(thing)маны$(0). Любая $(thing)мана$(0), попавшая в этот блок, просто испарится в пустоте и больше не вернется назад.$(p)Поставив один такой блок под $(item)Бассейн маны$(0), Вы позволите бассейну все также принимать $(thing)ману$(0), но уничтожать ту, которая в него не помещается."	"$(item)Мана-пустота$(0) — могила для $(thing)маны$(0): любая $(thing)мана$(0), попавшая в этот блок, бесследно исчезает.$(p)Поставив его под $(item)Бассейн маны$(0), вы позволите бассейну всё так же принимать $(thing)ману$(0), но уничтожать излишек."	"Исправлено по исчерпывающему заключению checkpoint-review."	"APPROVED"	"/root/checkpoint12_second_review"	"$(item)Мана-пустота$(0) — могила для $(thing)маны$(0): любая $(thing)мана$(0), попавшая в этот блок, бесследно исчезает.$(p)Поставив его под $(item)Бассейн маны$(0), вы позволите бассейну всё так же принимать $(thing)ману$(0), но уничтожать излишек."	"SECOND_LANGUAGE_REVIEW"
"patchouli-lang:botania:botania.page.manastar0"	"sha256:f827bea6c37c24779acb5d4dfb4db75431423422fae8ad5cf847e9092b1336c0"	"Из-за неточности измерений $(item)Посох Леса$(0) порой не даст ответа на вопрос, увеличивается ли количество маны в $(item)Бассейнах$(0) или уменьшается. Создав $(item)Звезду маны$(0) и поставив ее вплотную к бассейну, Вы увидите, что при уменьшении маны она будет испускать красные частицы, а при увеличении - синие. Измерения происходят каждые несколько секунд."	"Неточных измерений $(item)Посоха Леса$(0) иногда недостаточно, чтобы понять, прибывает или убывает мана в $(item)Бассейнах$(0). Создайте $(item)Звезду маны$(0) и поставьте рядом с бассейном: при убыли она светится красным, при прибыли — синим. Показания обновляются раз в несколько секунд."	"Исправлено по исчерпывающему заключению checkpoint-review."	"APPROVED"	"/root/checkpoint12_second_review"	"Неточных измерений $(item)Посоха Леса$(0) иногда недостаточно, чтобы понять, прибывает или убывает мана в $(item)Бассейнах$(0). Создайте $(item)Звезду маны$(0) и поставьте рядом с бассейном: при убыли она светится красным, при прибыли — синим. Показания обновляются раз в несколько секунд."	"SECOND_LANGUAGE_REVIEW"
"patchouli-lang:botania:botania.page.sparkChanger0"	"sha256:2e530260dd3b4bfece1134a929ec3dee1dba30e5b9adad8d02689183b173bf6d"	"$(item)Искра ремесленникка$(0) - это блок, способный модифицировать $(item)Дополнения$(0), помещенные в $(item)Искры$(0). Размещение его рядом с $(item)Бассейном маны$(0) или другими блоками с прикрепленным $(item)Искрами$(0) будет подключен к этим блокам. $(p)Щелчок ПКМ по $(item)Искре ремесленника$(0) с помощью $(item)Дополнения для искр$(0) добавит в блок, его можно удалить, щелкнув ПКМ."	"$(item)Искра ремесленника$(0) — блок, изменяющий $(item)Дополнения$(0), установленные на $(item)Искрах$(0). Поставьте её рядом с $(item)Бассейном маны$(0) или другим блоком с прикреплённой $(item)Искрой$(0), чтобы подключить её к нему.$(p)Нажмите ПКМ по $(item)Искре ремесленника$(0), держа $(item)Дополнение для искр$(0), чтобы установить его; повторное нажатие ПКМ снимет дополнение."	"Исправлено по исчерпывающему заключению checkpoint-review."	"APPROVED"	"/root/checkpoint12_second_review"	"$(item)Искра ремесленника$(0) — блок, изменяющий $(item)Дополнения$(0), установленные на $(item)Искрах$(0). Поставьте её рядом с $(item)Бассейном маны$(0) или другим блоком с прикреплённой $(item)Искрой$(0), чтобы подключить её к нему.$(p)Нажмите ПКМ по $(item)Искре ремесленника$(0), держа $(item)Дополнение для искр$(0), чтобы установить его; повторное нажатие ПКМ снимет дополнение."	"SECOND_LANGUAGE_REVIEW"
"patchouli-lang:botania:botania.page.sparks3"	"sha256:c57a40de3e07a327462d3f6349797136d23cff3310eb40010e6a81a272d55b16"	"Если $(item)Искры$(0) покажутся Вам слишком надоедливыми из-за своего мерцания, просто кликните по одной из них $(item)Призрачными чернилами$(0), чтобы сделать ее более прозрачной и незаметной. Чернила при этом не потратятся."	"$(item)Искры$(0) можно окрашивать красителями; искры разного цвета никогда не взаимодействуют. $(item)Призрачные чернила$(0) сделают искру почти прозрачной, если она кажется слишком заметной."	"Исправлен необоснованный регистр общих существительных."	"APPROVED"	"/root/checkpoint12_second_review"	"$(item)Искры$(0) можно окрашивать красителями; искры разного цвета никогда не взаимодействуют. $(item)Призрачные чернила$(0) сделают искру почти прозрачной, если она кажется слишком заметной."	"SECOND_LANGUAGE_REVIEW"
"patchouli-lang:botania:botania.page.spreader0"	"sha256:fdd90b91ad4f2e7785d64e7fe3ae09ca0beeabb4548152b4c3ce91f2ddf32bb8"	"$(item)Распространитель Маны$(0) - это самый важный компонент в деле $(thing)Управления Маной$(0).$(p)Этот блок перемещает $(thing)Ману$(0) из точки А в точку Б. При размещении он смотрит в одну из шести сторон, но щелчок Shift+ПКМ $(l:basics/wand)$(item)Посохом леса$(0)$(/l) повернёт $(item)Распространитель маны$(0) в противоположную от Вашего нажатия сторону. Он также может быть направлен на блоки посохом в $(thing)Режиме привязки$(0)"	"$(item)Распространитель Маны$(0) — важнейший инструмент $(thing)Управления Маной$(0).$(p)Он переносит $(thing)Ману$(0) из одной точки в другую. При установке распространитель обращён в одну из сторон; присядьте и нажмите $(l:basics/wand)$(item)Посохом леса$(0)$(/l) по нужной грани, чтобы направить его туда. В $(thing)Режиме привязки$(0) посохом также можно направить распространитель на другой блок."	"Исправлено по исчерпывающему заключению checkpoint-review."	"APPROVED"	"/root/checkpoint12_second_review"	"$(item)Распространитель Маны$(0) — важнейший инструмент $(thing)Управления Маной$(0).$(p)Он переносит $(thing)Ману$(0) из одной точки в другую. При установке распространитель обращён в одну из сторон; присядьте и нажмите $(l:basics/wand)$(item)Посохом леса$(0)$(/l) по нужной грани, чтобы направить его туда. В $(thing)Режиме привязки$(0) посохом также можно направить распространитель на другой блок."	"SECOND_LANGUAGE_REVIEW"
"patchouli-lang:botania:botania.page.spreader10"	"sha256:236f6070b6d28960ad4ea00397264f79499ab9d2aee1f9c217279061cf1bffab"	"Нажав ПКМ по распространителю $(item)Шерстью$(0), Вы покроете его ею. Помимо того, что шерсть делает его более привлекательным, она еще и приглушает звук при испускании лучей, делая его не таким неприятным, особенно когда на небольшой территории стоят сразу несколько распр-телей. Если повторно кликнуть по нему ПКМ пустой рукой, Вы снимите покрытие из шерсти."	"Нажмите ПКМ по распространителю, держа $(item)Шерсть$(0), чтобы обшить его. Шерсть не только украшает распространитель, но и приглушает звук при выпуске сгустка маны, что уменьшает шум от нескольких распространителей в одном месте. Повторное нажатие ПКМ пустой рукой снимет обшивку."	"Сокращение «распр-телей» и неверный игровой термин."	"APPROVED"	"/root/checkpoint12_second_review"	"Нажмите ПКМ по распространителю, держа $(item)Шерсть$(0), чтобы обшить его. Шерсть не только украшает распространитель, но и приглушает звук при выпуске сгустка маны, что уменьшает шум от нескольких распространителей в одном месте. Повторное нажатие ПКМ пустой рукой снимет обшивку."	"SECOND_LANGUAGE_REVIEW"
"patchouli-lang:botania:botania.page.cacophonium2"	"sha256:be8b9ffc1d92e5c633ae10c107fdac920357700c508bbe4cb72fb5ef2eb94867"	"Для максимальной какофонии Вы можете нажать Shift+ПКМ по $(item)Нотному блоку$(0), позволяя ему отключать звуки мобов по требованию.$(p)Вы - монстр!"	"Для полной какофонии присядьте и нажмите ПКМ по $(item)Нотному блоку$(0), чтобы поместить в него Какафоний: блок сможет по требованию воспроизводить звуки животных и монстров.$(p)Ну и чудовище же вы!"	"Смысл инвертирован: звуки воспроизводятся, а не отключаются."	"APPROVED"	"/root/checkpoint12_second_review"	"Для полной какофонии присядьте и нажмите ПКМ по $(item)Нотному блоку$(0), чтобы поместить в него Какафоний: блок сможет по требованию воспроизводить звуки животных и монстров.$(p)Ну и чудовище же вы!"	"SECOND_LANGUAGE_REVIEW"
"patchouli-lang:botania:botania.page.decorativeBlocks0"	"sha256:7ac3f53efcf36bff0fd8b769c1f62b7b78438d197685e26341caa5ce80afc247"	"Чтобы сделать Ваши строения намного красивее, доступно довольно много декоративных блоков.$(p)Можно превратить блоки $(item)Жизнедерева$(0) и $(item)Жизнекамня$(0) в декоративные блоки. Каждый из них имеет 4 разные вариации."	"Чтобы сделать строения красивее, доступно множество декоративных блоков.$(p)Блоки $(item)Жизнедерева$(0) и $(item)Жизнекамня$(0) можно превратить в декоративные; у каждого есть четыре варианта."	"Полное повторное редакторское чтение: исправлены смысл, грамматика, пунктуация и неестественные обороты; технические токены сохранены."	"APPROVED"	"/root/checkpoint12_second_review"	"Чтобы сделать строения красивее, доступно множество декоративных блоков.$(p)Блоки $(item)Жизнедерева$(0) и $(item)Жизнекамня$(0) можно превратить в декоративные; у каждого есть четыре варианта."	"SECOND_LANGUAGE_REVIEW"
"patchouli-lang:botania:botania.page.decorativeBlocks10"	"sha256:f8593dbdb533258d68d61f714dab5a90c3754cd514e811286a72ce41bcc90765"	"Продолжим... $(p)Комбинируя $(item)Незер-кварц$(0) с разными видами субстанций, можно создать широкий спектр других декоративных $(item)Кварцевых$(0) блоков.$(p)Как Вы и ожидали, все эти блоки могут быть преобразованы в другие виды декоративных блоков, такие же как и их классический аналог - $(item)Незер-кварц$(0)."	"Продолжим…$(p)Из $(item)Незер-кварца$(0) и разных материалов можно создавать другие декоративные $(item)Кварцевые$(0) блоки.$(p)Из каждого такого кварца, как и из обычного, можно создать соответствующий $(item)блок$(0)."	"Исправлено по исчерпывающему заключению checkpoint-review."	"APPROVED"	"/root/checkpoint12_second_review"	"Продолжим…$(p)Из $(item)Незер-кварца$(0) и разных материалов можно создавать другие декоративные $(item)Кварцевые$(0) блоки.$(p)Из каждого такого кварца, как и из обычного, можно создать соответствующий $(item)блок$(0)."	"SECOND_LANGUAGE_REVIEW"
"patchouli-lang:botania:botania.page.dispenserTweaks0"	"sha256:14e82aa540235cd5eb453e5513a2ec54973d6ff94a77e3ffa4373b74829c4c97"	"$(item)Раздатчик$(0), среди обычных способностей, также может сажать все виды семян, от обычных $(item)Семян пшеницы$(0) до $(item)Адских наростов$(0) и $(item)Какао-бобов$(0). Семена будут посажены на блоке перед раздатчиком.$(p)Это позволяет комбинировать Ваши фермы с другими блоками (Например, с $(item)Барабаном дикой природы$(0))."	"$(item)Раздатчик$(0) сажает любые семена — от $(item)Семян пшеницы$(0) до $(item)Адских наростов$(0) и $(item)Какао-бобов$(0); для последних перед раздатчиком должен быть блок древесины джунглей.$(p)Вместе с другими блоками, например с $(item)Барабаном дикой природы$(0), это позволяет полностью автоматизировать выращивание культур."	"Исправлено по исчерпывающему заключению checkpoint-review."	"APPROVED"	"/root/checkpoint12_second_review"	"$(item)Раздатчик$(0) сажает любые семена — от $(item)Семян пшеницы$(0) до $(item)Адских наростов$(0) и $(item)Какао-бобов$(0); для последних перед раздатчиком должен быть блок древесины джунглей.$(p)Вместе с другими блоками, например с $(item)Барабаном дикой природы$(0), это позволяет полностью автоматизировать выращивание культур."	"SECOND_LANGUAGE_REVIEW"
"patchouli-lang:botania:botania.page.headCreating1"	"sha256:b4bb0605beef34807d94893e38012c721d3fdd4601950e2ed95917a818291b15"	"Получите Вашу голову"	"Включите голову"	"Буквальная калька заменена естественной короткой шуткой."	"APPROVED"	"/root/checkpoint12_second_review"	"Включите голову"	"SECOND_LANGUAGE_REVIEW"
"patchouli-lang:botania:botania.page.mushrooms1"	"sha256:8b80bcdc98f5ee9fc47a77547de5738d251135607109ba80bf4f652ac7157a63"	"Они не делают Вас больше"	"Они не делают вас больше"	"Полное повторное редакторское чтение: исправлены смысл, грамматика, пунктуация и неестественные обороты; технические токены сохранены."	"APPROVED"	"/root/checkpoint12_second_review"	"Они не делают вас больше"	"SECOND_LANGUAGE_REVIEW"
"patchouli-lang:botania:botania.page.phantomInk1"	"sha256:edf3a138e5b9c0175c7b055e81a85da763eca392da40a120c1c19bc06ba97161"	"Кого Вы собираетесь позвать?"	"Кому позвонить?"	"Восстановлена естественная краткая отсылка английской подписи."	"APPROVED"	"/root/checkpoint12_second_review"	"Кому позвонить?"	"SECOND_LANGUAGE_REVIEW"
"patchouli-lang:botania:botania.page.shinyFlowers0"	"sha256:520164a13a4890f27027bc86c3ef61f6e7f29d40fb3a8871d405311ad0067b01"	"Комбинируя обычный $(item)Мистический Цветок$(0) со $(item)Светящейся пылью$(0), Вы можете добавить им больше яркости, придав им излучение видимого света такого же яркого, как $(item)Светящийся камень$(0).$(p)Добавив немного $(item)Земли$(0) и $(item)Луговых семян$(0), можно превратить их в миниатюрный парящий островок, который будет не только светиться, но и порадует своим необычным видом."	"Посыпьте $(item)Светящейся пылью$(0) $(l:basics/flowers)$(item)Мистический Цветок$(0)$(/l), чтобы получить $(item)Мерцающий цветок$(0), который светит так же ярко, как $(item)Светящийся камень$(0).$(p)Соедините его с $(item)Землёй$(0) и $(l:tools/grass_seeds)$(item)Луговыми семенами$(0)$(/l), чтобы получить $(item)Парящий цветок$(0) — миниатюрный светящийся остров."	"Исправлено по исчерпывающему заключению checkpoint-review."	"APPROVED"	"/root/checkpoint12_second_review"	"Посыпьте $(item)Светящейся пылью$(0) $(l:basics/flowers)$(item)Мистический Цветок$(0)$(/l), чтобы получить $(item)Мерцающий цветок$(0), который светит так же ярко, как $(item)Светящийся камень$(0).$(p)Соедините его с $(item)Землёй$(0) и $(l:tools/grass_seeds)$(item)Луговыми семенами$(0)$(/l), чтобы получить $(item)Парящий цветок$(0) — миниатюрный светящийся остров."	"SECOND_LANGUAGE_REVIEW"
"patchouli-lang:botania:botania.page.exchangeRod2"	"sha256:10b9428daf9bcc73361496c107a9ba4c7035344b42fb897c09ab70031df0d826"	"Другие жезлы или устройства могут быть использованы для увеличения мощности $(item)Жезла обмена$(0).$(p)Например, наличие $(item)Жезла земель$(0) в Вашем инвентаре обеспечивает $(item)Жезл Обмена$(0) бесконечным запасом $(item)Земли$(0), но не стоит забывать про потребление $(item)Маны$(0)!"	"Другие жезлы и устройства могут снабжать $(item)Жезл обмена$(0) блоками.$(p)Например, $(l:tools/dirt_rod)$(item)Жезл земель$(0)$(/l) в инвентаре даёт $(item)Жезлу обмена$(0) бесконечный запас $(item)Земли$(0), если хватает $(thing)Маны$(0) на её создание.$(p)Если не нужно заменять кубическую область, $(l:tools/temperance_stone)$(item)Камень сдержанности$(0)$(/l) уменьшит её до плоскости блоков."	"Исправлено по исчерпывающему заключению checkpoint-review."	"APPROVED"	"/root/checkpoint12_second_review"	"Другие жезлы и устройства могут снабжать $(item)Жезл обмена$(0) блоками.$(p)Например, $(l:tools/dirt_rod)$(item)Жезл земель$(0)$(/l) в инвентаре даёт $(item)Жезлу обмена$(0) бесконечный запас $(item)Земли$(0), если хватает $(thing)Маны$(0) на её создание.$(p)Если не нужно заменять кубическую область, $(l:tools/temperance_stone)$(item)Камень сдержанности$(0)$(/l) уменьшит её до плоскости блоков."	"SECOND_LANGUAGE_REVIEW"
"mantle-book:tconstruct:materials_and_you:intro/storage.json:/text/1/text"	"sha256:26563f8e0274aedfe344bcdd4a71c38b3925f19b0cc384adc1078259aa951b4a"	"Ящики для частей позволяют хранить множество дополнительных частей, которые у Вас могут быть. В каждом слоте можно хранить не более 8 частей. Если Вам нужно больше, значит, Вы что-то делаете неправильно или у Вас очень запутанные рецепты."	"Ящики для частей позволяют хранить множество дополнительных частей, которые у вас могут быть. В каждом слоте можно хранить не более 8 частей. Если вам нужно больше, значит, вы что-то делаете неправильно или у вас очень запутанные рецепты."	"Полное повторное редакторское чтение: исправлены смысл, грамматика, пунктуация и неестественные обороты; технические токены сохранены."	"APPROVED"	"/root/checkpoint12_second_review"	"Ящики для частей позволяют хранить множество дополнительных частей, которые у вас могут быть. В каждом слоте можно хранить не более 8 частей. Если вам нужно больше, значит, вы что-то делаете неправильно или у вас очень запутанные рецепты."	"SECOND_LANGUAGE_REVIEW"
"mantle-book:tconstruct:mighty_smelting:abilities/armor/boots/tconstruct_double_jump.json:/text/0/text"	"sha256:3212d740535f43f0d3446f24bcf55fc30f74aef654e0848d10d1ffa0f1780e9d"	"Распрыжка повысит Ваши навыки и сделает Вас намного лучше в игре. Для достижения максимального эффекта не забудьте немного попрыгать."	"Распрыжка прокачивает ваши навыки и делает вас гораздо лучше в игре. Для максимального эффекта не забывайте иногда полежать."	"Исправлено по исчерпывающему заключению checkpoint-review."	"APPROVED"	"/root/checkpoint12_second_review"	"Распрыжка прокачивает ваши навыки и делает вас гораздо лучше в игре. Для максимального эффекта не забывайте иногда полежать."	"SECOND_LANGUAGE_REVIEW"
"mantle-book:tconstruct:mighty_smelting:abilities/armor/boots/tconstruct_pathing.json:/effects/0"	"sha256:32ab9174035796acc4c32602a5838a3fcf57da983a708d3b729334b9260929c6"	"Создает дорожки во время ходьбы."	"Создаёт дорожки, пока вы идёте."	"Ошибочный PASS: неестественная формулировка и пропущено ё."	"APPROVED"	"/root/checkpoint12_second_review"	"Создаёт дорожки, пока вы идёте."	"SECOND_LANGUAGE_REVIEW"
"mantle-book:tconstruct:puny_smelting:introduction/thruul.json:/text/0/text"	"sha256:779530d4c38e5a33da0c5e40a601e9038f4658858df8aaa1520c13c453c21ab2"	"Ладно, теперь, когда Вы закончили возиться с этими слабыми материалами, которые, по мнению Селены вы должны были использовать, настало время для НАСТОЯЩИХ ЛИТЕЙНЫХ МАТЕРИАЛОВ, ТАКИХ КАК МЕТАЛЛ."	"Ладно, теперь, когда вы закончили возиться со слабыми материалами, которыми, по мнению Селены, вам следовало пользоваться, пора перейти к НАСТОЯЩИМ ЛИТЕЙНЫМ МАТЕРИАЛАМ, ТАКИМ КАК МЕТАЛЛ."	"Полное повторное редакторское чтение: исправлены смысл, грамматика, пунктуация и неестественные обороты; технические токены сохранены."	"APPROVED"	"/root/checkpoint12_second_review"	"Ладно, теперь, когда вы закончили возиться со слабыми материалами, которыми, по мнению Селены, вам следовало пользоваться, пора перейти к НАСТОЯЩИМ ЛИТЕЙНЫМ МАТЕРИАЛАМ, ТАКИМ КАК МЕТАЛЛ."	"SECOND_LANGUAGE_REVIEW"
"mantle-book:tconstruct:puny_smelting:melting/meltergui2.json:/text/0/text"	"sha256:c7bee4c31e8ca89e7aa16ba92d4a287905e0e8fa2cbc5aadba5a2e82dc8178c2"	"1: В эти 3 слота Вы помещаете то, что хотите расплавить. Это могут быть руды, слитки или что-то ещё!"	"1: В эти 3 слота вы помещаете то, что хотите расплавить. Это могут быть руды, слитки или что-то ещё!"	"Полное повторное редакторское чтение: исправлены смысл, грамматика, пунктуация и неестественные обороты; технические токены сохранены."	"APPROVED"	"/root/checkpoint12_second_review"	"1: В эти 3 слота вы помещаете то, что хотите расплавить. Это могут быть руды, слитки или что-то ещё!"	"SECOND_LANGUAGE_REVIEW"
"mantle-book:tconstruct:puny_smelting:movingfluids/channel2.json:/text/1/text"	"sha256:cf4f878637a09fc12b35f71a08f73f301ad902e169622d9452f34774d206b2d3"	"Внутри каналов есть стрелочки, которые показывают направление движения жидкости. Нажатием ПКМ по сторонам каналов, можно переключить их между режимами входа, выхода или заблокировать. Нажав ПКМ по середине канала, Вы установите его на выход, непосредственно, под себя, если там имеется ёмкость для жидкостей.  Каналы не могут перемещать жидкость вверх."	"Внутри каналов есть стрелки, показывающие направление движения жидкости. Нажимая ПКМ по сторонам канала, можно переключать его между входом, выходом и отключённым состоянием. Нажмите ПКМ по середине канала, чтобы направить жидкость прямо вниз, если под ним есть подходящая ёмкость. Каналы не передают жидкость вверх."	"Лишний пробел, неверное управление и неестественный порядок слов."	"APPROVED"	"/root/checkpoint12_second_review"	"Внутри каналов есть стрелки, показывающие направление движения жидкости. Нажимая ПКМ по сторонам канала, можно переключать его между входом, выходом и отключённым состоянием. Нажмите ПКМ по середине канала, чтобы направить жидкость прямо вниз, если под ним есть подходящая ёмкость. Каналы не передают жидкость вверх."	"SECOND_LANGUAGE_REVIEW"
"mantle-book:tconstruct:puny_smelting:slotless/slotless.json:/text/0/text"	"sha256:6417aa942cf8e3b3f670811d0ac6f44ac68bd052fa4d8c1bb3a28b9809131f5d"	"Закончились слоты? Хорошие новости: все модификаторы в этом разделе не требуют слотов для применения, а некоторые даже могут дать Вам ещё больше слотов!"	"Закончились слоты? Хорошие новости: все модификаторы в этом разделе не требуют слотов для применения, а некоторые даже могут дать вам ещё больше слотов!"	"Полное повторное редакторское чтение: исправлены смысл, грамматика, пунктуация и неестественные обороты; технические токены сохранены."	"APPROVED"	"/root/checkpoint12_second_review"	"Закончились слоты? Хорошие новости: все модификаторы в этом разделе не требуют слотов для применения, а некоторые даже могут дать вам ещё больше слотов!"	"SECOND_LANGUAGE_REVIEW"
"mantle-book:tconstruct:puny_smelting:upgrades/armor/general/tconstruct_springy.json:/text/0/text"	"sha256:ef69a4bf2853c405e447d954aca06da6989b84a6d73aff42ce436e088ecfa42f"	"Отлетая, враги дают Вам достаточно времени, чтобы развернуться и убежать, или подлечиться"	"Отбрасывая врагов, вы получаете достаточно времени, чтобы развернуться, убежать или подлечиться."	"Деепричастный оборот без естественной связи и пропущена точка."	"APPROVED"	"/root/checkpoint12_second_review"	"Отбрасывая врагов, вы получаете достаточно времени, чтобы развернуться, убежать или подлечиться."	"SECOND_LANGUAGE_REVIEW"
"mantle-book:tconstruct:puny_smelting:upgrades/general/tconstruct_emerald.json:/text/0/text"	"sha256:74eae3c9e42d2f1bbb16a85b70613e8e16c83b17a04d885e9c1d0850f201b993"	"Лучший друг крестьянина, но не позволяй крестьянам видеть, как ты накладываешь его! Эти талисманы удачи не для Вас."	"Лучший друг крестьянина. Только не давайте крестьянам увидеть, как вы применяете это улучшение: это не ваши талисманы удачи."	"Смешано обращение на «ты» и «вы»."	"APPROVED"	"/root/checkpoint12_second_review"	"Лучший друг крестьянина. Только не давайте крестьянам увидеть, как вы применяете это улучшение: это не ваши талисманы удачи."	"SECOND_LANGUAGE_REVIEW"
"mantle-book:tconstruct:puny_smelting:upgrades/harvest/tconstruct_hydraulic.json:/text/0/text"	"sha256:2da90422464c9505bcc9c34be091b9ba8d4a6c84e7bbe423b85f90e022448172"	"Используя магию насосов и жидкостей, Вы можете с лёгкостью перемещать предметы. Я имею в виду, что это возможно, но не в вашем случае."	"Используя магию насосов и жидкостей, вы можете с лёгкостью перемещать предметы. Я имею в виду, что это возможно, но не в вашем случае."	"Полное повторное редакторское чтение: исправлены смысл, грамматика, пунктуация и неестественные обороты; технические токены сохранены."	"APPROVED"	"/root/checkpoint12_second_review"	"Используя магию насосов и жидкостей, вы можете с лёгкостью перемещать предметы. Я имею в виду, что это возможно, но не в вашем случае."	"SECOND_LANGUAGE_REVIEW"
"mantle-book:tconstruct:puny_smelting:upgrades/melee.json:/text/0/text"	"sha256:7fa30eb16c386104b2459d26b1bcbff7d576ca8572679a792c48d21aa4933f69"	"Возможно, с помощью этих улучшений Вы сможете выковать самое сильное оружие из всех существующих. Конечно, какое оружие Вы выберете, зависит только от Вас."	"Возможно, с помощью этих улучшений вы сможете выковать самое сильное оружие из всех существующих. Конечно, какое оружие вы выберете, зависит только от вас."	"Полное повторное редакторское чтение: исправлены смысл, грамматика, пунктуация и неестественные обороты; технические токены сохранены."	"APPROVED"	"/root/checkpoint12_second_review"	"Возможно, с помощью этих улучшений вы сможете выковать самое сильное оружие из всех существующих. Конечно, какое оружие вы выберете, зависит только от вас."	"SECOND_LANGUAGE_REVIEW"
"mantle-book:tconstruct:puny_smelting:upgrades/melee.json:/text/1/text"	"sha256:62c4863916bceff9cd57d797b2c9a7552dbf567f0de878a74db7b4dbe77b4fde"	"Эти улучшения могут расширить возможности вашего оружия, увеличить урон, наносимый вами в целом, конкретным мобам или и тем, и другим. Выбор за Вами."	"Эти улучшения могут раскрыть потенциал оружия ближнего боя, увеличить общий урон, урон по определённым мобам или и то и другое. Выбор за вами."	"Исправлено по исчерпывающему заключению checkpoint-review."	"APPROVED"	"/root/checkpoint12_second_review"	"Эти улучшения могут раскрыть потенциал оружия ближнего боя, увеличить общий урон, урон по определённым мобам или и то и другое. Выбор за вами."	"SECOND_LANGUAGE_REVIEW"
"mantle-book:tconstruct:tinkers_gadgetry:exploration/grass_seeds.json:/text/0/text"	"sha256:49bff5d976a080b96315a4b573e6c85044e98d6905014d938fb3bacbdb76c4db"	"Иногда, исследуя подземелья или крепости в Незере, я находил в сундуках слизневые семена. Я не знаю их происхождения, но если посадить их на обычный или слизневый дёрн, получится слизневый дёрн такого же качества, как если бы Вы пересадили его с одного из островов. Я также видел в этих сундуках слизневые саженцы, так что, возможно, Вы можете получить всю флору островов, ни разу не побывав на одном из них."	"Иногда, исследуя подземелья или крепости в Незере, я находил в сундуках слизневые семена. Я не знаю их происхождения, но если посадить их на обычный или слизневый дёрн, получится слизневый дёрн такого же качества, как если бы вы пересадили его с одного из островов. Я также видел в этих сундуках слизневые саженцы, так что, возможно, вы можете получить всю флору островов, ни разу не побывав на одном из них."	"Полное повторное редакторское чтение: исправлены смысл, грамматика, пунктуация и неестественные обороты; технические токены сохранены."	"APPROVED"	"/root/checkpoint12_second_review"	"Иногда, исследуя подземелья или крепости в Незере, я находил в сундуках слизневые семена. Я не знаю их происхождения, но если посадить их на обычный или слизневый дёрн, получится слизневый дёрн такого же качества, как если бы вы пересадили его с одного из островов. Я также видел в этих сундуках слизневые саженцы, так что, возможно, вы можете получить всю флору островов, ни разу не побывав на одном из них."	"SECOND_LANGUAGE_REVIEW"
"mantle-book:tconstruct:tinkers_gadgetry:gadgets/piggybackpack.json:/text/0/text"	"sha256:bfb21f54bed5a3043ff5ddb6f4598ada981af81884a5212b20fbcbbefb8a399a"	"Используя свино-рюкзак на мобе, вы можете поднять его, чтобы он прокатился на Вас, что идеально подходит, когда ваша свинья устает во время долгих путешествий. В них также удобно подбрасывать монстров в плавильню. Я успешно носил до 3 свин-рюкзаков одновременно, хотя с таким количеством наездников трудно ходить."	"Свино-рюкзак позволяет поднять моба и посадить его себе на спину — удобно, когда свинья устала в долгом пути. В такие рюкзаки также удобно бросать монстров в плавильню. Мне удавалось носить до трёх свино-рюкзаков сразу, хотя ходить с таким количеством седоков непросто."	"Неверное управление «используя ... на мобе» и неестественная фраза."	"APPROVED"	"/root/checkpoint12_second_review"	"Свино-рюкзак позволяет поднять моба и посадить его себе на спину — удобно, когда свинья устала в долгом пути. В такие рюкзаки также удобно бросать монстров в плавильню. Мне удавалось носить до трёх свино-рюкзаков сразу, хотя ходить с таким количеством седоков непросто."	"SECOND_LANGUAGE_REVIEW"
