id	source_hash	source	native_translation	verdict	recommendation	reason	native_visible_length	recommended_visible_length	length_ratio
ie-manual-lang:immersiveengineering:manual.immersiveengineering.construction	sha256:9dc7e90e56b2f2635e18b04c731ea09762e1acd223b106df46e0013851b532b1	Construction	Конструкции	PASS		Естественный и точный заголовок раздела о строительных блоках и сооружениях.	11		
ie-manual-lang:immersiveengineering:manual.immersiveengineering.energy	sha256:1ca6bcd94914da13f8e9e47585e29b46f169e8950a6c0eebdba2180e61e93cf4	Power, wires, generators	Энергия, провода, генераторы	PASS		Перечень звучит естественно и точно передаёт состав раздела.	28		
ie-manual-lang:immersiveengineering:manual.immersiveengineering.general	sha256:385c91dcb90999fd906166a5b3f5d0138807da57121142a3cfa6de3bedc861f0	Overview and Resources	Общие сведения и ресурсы	CHANGE	Обзор и ресурсы	«Обзор» проще и естественнее для краткого названия вводного раздела.	24	15	0.625
ie-manual-lang:immersiveengineering:manual.immersiveengineering.heavymachines	sha256:c704e1cacba770a0f62d8cd3d87d28b9a19f2d9f4c32112d1dc0ffa75505e57e	Heavy Machinery	Тяжёлое машиностроение	CHANGE	Тяжёлые машины	Раздел посвящён самим машинам, а не отрасли машиностроения.	22	14	0.636
ie-manual-lang:immersiveengineering:manual.immersiveengineering.machines	sha256:9d521b9d18a75b763afb739c6a73c571c5f7394c98807abe3d4760c2730f08da	Simple Machines	Простые машины	PASS		Краткий естественный заголовок, согласованный с названиями машин в интерфейсе.	14		
ie-manual-lang:immersiveengineering:manual.immersiveengineering.manual	sha256:c3ed949af8190f1523077fd6184bedce5f6f0cc0c18b45a7e7f957147df300a9	Engineer's Manual	Руководство инженера	PASS		Устоявшееся и естественное название книги.	20		
ie-manual-lang:immersiveengineering:manual.immersiveengineering.test	sha256:5ee3b39d09c5a90ab0843c8639be055e1eeb7fcc77c27b9d5d8b63b021064705	A subcategory!?	Подкатегория!?	PASS		Краткая естественная передача намеренно необычного заголовка и его пунктуации.	14		
ie-manual-lang:immersiveengineering:manual.immersiveengineering.tools	sha256:ea93d6a262ecb87a9fa4d09edbd7654c046597936a8e235fc3949eb01775ff99	Tools	Инструменты	PASS		Точный и естественный игровой термин.	11		
ie-manual-lang:immersiveengineering:manual.immersiveengineering.update	sha256:b09ea7c6c3ca78dc6402ef099de1c5afd819cceb009ec8205e9c64aa1d7d9f88	UPDATE NEWS!	НОВОСТИ ОБНОВЛЕНИЙ!	CHANGE	НОВОСТИ ОБНОВЛЕНИЯ!	Форма единственного числа естественно обозначает новости конкретного обновления.	19	19	1.000
