id	source_hash	old_translation	new_translation	reason	independent_review	reviewer	initial_new_translation	review_notes
ie-manual:immersiveengineering:conveyors.txt:line:13	sha256:423d83be2553aa53fbf2e2e0ff43f81ce82db9f7ce5f742d480290ac7226ca73	"<&conveyor_vertical_recipe>Вертикальная конвейерная лента - это лента, предназначенная для установки на стенах. С помощью прикрепленных к ней ковшей она будет поднимать предметы прямо вверх. Несмотря на использование термина ""ковш"", она не будет поднимать жидкости."	<&conveyor_vertical_recipe>Вертикальная конвейерная лента предназначена для установки на стенах. Прикреплённые к ней ковши поднимают сущности вверх. Несмотря на название, «ковши» не перемещают жидкости.	Entities ошибочно сужены до предметов; заодно устранены калька и неестественные дефисы.	APPROVED	/root/rescripted_changes_review	<&conveyor_vertical_recipe>Вертикальная конвейерная лента предназначена для установки на стенах. Прикреплённые к ней ковши поднимают сущности вверх. Несмотря на название, «ковши» не перемещают жидкости.	APPROVED_AS_IS
mantle-book:tconstruct:mighty_smelting:tools/tanks.json:/text/0/text	sha256:279c225b1aa44932167ef3c88758c420da1b476dff3bf5d4f8fb4e31b24e2cbb	«Плевок», «Плавление» и «Разбивание» добавляют резервуар. Его можно наполнить через блок-резервуар, слот ведра плавильни (4) или жидкость в её резервуаре (2).	Модификаторы «Плевок», «Плавление» и «Разбивание» добавляют инструменту резервуар. Держа инструмент, заполняйте или опустошайте его через резервуар. В интерфейсе плавильни это также делается через слот ведра (4) или щелчком инструментом по жидкости в резервуаре (2).	В исходном тексте описаны заполнение и опустошение инструмента; текущая фраза теряет действие и делает способ взаимодействия непонятным.	APPROVED	/root/rescripted_changes_review	Модификаторы «Плевок», «Плавление» и «Разбивание» добавляют инструменту резервуар. Держа инструмент, заполняйте или опустошайте его через резервуар. В интерфейсе плавильни это также делается через слот ведра (4) или щелчком инструментом по жидкости в резервуаре (2).	APPROVED_AS_IS
patchouli-json:thermal:guidebook:entries/technology/machines/brewer.json:/pages/0/text	sha256:6e80b4b2a561afcac430e30b07242f4df7a735036007142edfdca58fee1293d3	Алхимическая зельеварка - это механизм, который варит зелья. Создаёт $(l:thermal:technology/potion_fluid)жидкие зелья$(/l), заваривая их не в бутылочке. Одного ингредиента достаточно, чтобы сварить одно ведро зелья, которым можно заполнить 4 бутылки.	Алхимическая зельеварка варит зелья. Она создаёт $(l:thermal:technology/potion_fluid)жидкое зелье$(/l) вместо того, чтобы варить его сразу в бутылочке. Одного ингредиента хватает на ведро зелья, которым можно наполнить 4 бутылочки.	Исправлены неестественная конструкция «заваривая их не в бутылочке» и несогласованное число термина.	APPROVED	/root/rescripted_changes_review	Алхимическая зельеварка варит зелья. Она создаёт $(l:thermal:technology/potion_fluid)жидкое зелье$(/l) вместо того, чтобы варить его сразу в бутылочке. Одного ингредиента хватает на ведро зелья, которым можно наполнить 4 бутылочки.	APPROVED_AS_IS
patchouli-json:thermal:guidebook:entries/world/materials/catalysts.json:/pages/0/text	sha256:1774c7a90e98ff2c4bd126c7f452a8c1d60049c23423c312523848e1de7d9ee0	Катализаторы - это необязательные предметы, используемые для повышения выхода определённых рецептов. Механизмы и их катализаторы перечислены на следующей странице с множителями.	Катализаторы — необязательные предметы, которые расходуются для повышения выхода некоторых рецептов. На следующей странице перечислены механизмы, катализаторы и их множители. Главные результаты рецепта умножаются на «Основное», второстепенные — на «Дополнительное», а энергия за операцию — на «Энергия». «Шанс использования» показывает вероятность расходования катализатора за операцию.	Утрачены четыре завершающих предложения с назначением всех множителей и шансом расхода.	APPROVED	/root/rescripted_changes_review	Катализаторы — необязательные предметы, которые расходуются для повышения выхода некоторых рецептов. На следующей странице перечислены механизмы, катализаторы и их множители. Главные результаты рецепта умножаются на «Основное», второстепенные — на «Дополнительное», а энергия за операцию — на «Энергия». «Шанс использования» показывает вероятность расходования катализатора за операцию.	APPROVED_AS_IS
patchouli-lang:botania:botania.page.elfGear1	sha256:61f06f2a44fbea73de0cf8e1e8103335603398c9ec6d0e2f96fc0ed736dbc577	Каждая часть $(l:alfhomancy/elf_resources)элементиевой$(/l) $(item)брони$(0) увеличивает шанс призвать $(thing)пикси$(0).$(p)$(thing)Пикси$(0) защищает владельца $(l:alfhomancy/elf_resources)элементиевой$(/l) $(item)брони$(0) от агрессоров; появляется, когда владелец пропускает урон.	При получении урона каждая часть брони может призвать $(thing)пикси$(0), которая полетит за нападавшим и нанесёт хороший урон.$(p)Чем больше надето частей $(item)элементиевой брони$(0), тем выше шанс. У каждого инструмента набора есть собственная способность.	Текущий текст искажает условие срабатывания и опускает урон пикси и свойство инструментов набора.	APPROVED	/root/rescripted_changes_review	При получении урона каждая часть брони может призвать $(thing)пикси$(0), которая полетит за нападавшим и нанесёт хороший урон.$(p)Чем больше надето частей $(item)элементиевой брони$(0), тем выше шанс. У каждого инструмента набора есть собственная способность.	APPROVED_AS_IS
patchouli-lang:botania:botania.page.elfGear2	sha256:f65f09795c81bfd4582ef623497b6a1ab66ab2d3d227b86197540209b838171c	$(item)Элементиевая кирка$(0) расщепляет $(item)булыжник$(0), $(item)землю$(0), $(item)незерак$(0) и другие малоценные блоки, оставляя только руды и полезные ресурсы.$(p)Соединение $(l:tools/terra_pick)терра-крушителя$(/l) и $(item)элементиевой кирки$(0) позволит первой кирке получить особенность второй. Этот изменение необратимо.	$(item)Элементиевая кирка$(0) убирает $(item)булыжник$(0), $(item)землю$(0), $(item)незерак$(0) и другие обычные материалы, оставляя руды и ценные ресурсы. Некоторые блоки считаются $(o)условно расходуемыми$(): при добыче с зажатым Shift они не исчезают.$(p)Соедините $(item)элементиевую кирку$(0) с $(l:tools/terra_pick)$(item)терра-крушителем$(0)$(/l) на верстаке, чтобы передать способности первой второму. Это необратимо.	Пропущено правило для условно расходуемых блоков; исправлены неверное согласование и смысл передачи способности.	APPROVED	/root/rescripted_changes_review	$(item)Элементиевая кирка$(0) убирает $(item)булыжник$(0), $(item)землю$(0), $(item)незерак$(0) и другие обычные материалы, оставляя руды и ценные ресурсы. Некоторые блоки считаются $(o)условно расходуемыми$(): при добыче с зажатым Shift они не исчезают.$(p)Соедините $(item)элементиевую кирку$(0) с $(l:tools/terra_pick)$(item)терра-крушителем$(0)$(/l) на верстаке, чтобы передать способности первой второму. Это необратимо.	APPROVED_AS_IS
patchouli-lang:botania:botania.page.manaweave1	sha256:0906a2b2e4503da517783ffb09d95c03013e120530c4ec0ed5766a1ed2fd73be	Так же, как и $(l:tools/mana_gear)манастальная броня$(/l), $(item)манатканное одеяние$(0) использует $(thing)ману$(0), чтобы не изнашиваться.	Полный комплект $(item)манатканного одеяния$(0) усиливает магические жезлы, повышая их силу и/или дальность.$(p)$(item)Манатканное одеяние$(0) чинит себя $(thing)маной$(0) из инвентаря владельца, как $(item)манастальная броня$(0), но расходует $(thing)маны$(0) меньше.	Пропущено свойство полного комплекта и неверно передан ремонт: одеяние чинит себя, а не просто не изнашивается.	APPROVED	/root/rescripted_changes_review	Полный комплект $(item)манатканного одеяния$(0) усиливает магические жезлы, повышая их силу и/или дальность.$(p)$(item)Манатканное одеяние$(0) чинит себя $(thing)маной$(0) из инвентаря владельца, как $(item)манастальная броня$(0), но расходует $(thing)маны$(0) меньше.	APPROVED_AS_IS
patchouli-lang:botania:botania.page.pistonRelay0	sha256:4ab5e97c09b9a4368bf438e37197589845f90d5952c85a067918ef93ba6a5dda	$(item)Поршень$(0) взаимодействует с $(thing)маной$(0) крайне любопытным способом, превращаясь в $(item)силовое реле$(0).$(p)Реле разрывает ткань пространства, передавая любую приложенную к нему силу от поршня, к связанному с реле блоку.	$(item)Поршни$(0) и $(thing)мана$(0) взаимодействуют необычно: пропитанный маной поршень становится $(item)силовым реле$(0), разрывающим ткань пространства. Когда $(item)поршень$(0) толкает реле, так же сдвигается связанный с ним блок.$(p)Чтобы связать реле с блоком, нажмите по нему ПКМ $(l:basics/wand)$(item)жезлом леса$(0)$(/l), затем ПКМ по нужному блоку.	Пропущена необходимая инструкция по привязке реле, а механизм передачи движения описан неточно.	APPROVED	/root/rescripted_changes_review	$(item)Поршни$(0) и $(thing)мана$(0) взаимодействуют необычно: пропитанный маной поршень становится $(item)силовым реле$(0), разрывающим ткань пространства. Когда $(item)поршень$(0) толкает реле, так же сдвигается связанный с ним блок.$(p)Чтобы связать реле с блоком, нажмите по нему ПКМ $(l:basics/wand)$(item)жезлом леса$(0)$(/l), затем ПКМ по нужному блоку.	APPROVED_AS_IS
patchouli-lang:botania:botania.page.spreader12	sha256:e54a25c9f2ccae64ce31d1dfffdbdfc45ed27552d17acdc2d883dfedf38b2eb9	Распространитель прекратит передачу маны, если получит $(thing)редстоун-сигнал$(0). Но для большего контроля подойдёт $(l:mana/redstone_spreader)редстоуновый распространитель$(/l), так как он испускает сгустки только при наличии редстоун-сигнала и не требует цели.	Удерживая $(item)подмостки$(0), нажмите ПКМ по распространителю, чтобы окружить его прочной рамой. Она позволяет размещать со всех сторон хрупкие редстоун-компоненты вроде кнопок и рычагов, а сверху — редстоуновую пыль, повторители и подобные элементы. Рама также удерживает воду внутри распространителя.$(p)Чтобы снять подмостки, нажмите ПКМ, удерживая Shift.	Перевод относится к другой странице и полностью не соответствует английскому источнику.	APPROVED	/root/rescripted_changes_review	Удерживая $(item)подмостки$(0), нажмите ПКМ по распространителю, чтобы окружить его прочной рамой. Она позволяет размещать со всех сторон хрупкие редстоун-компоненты вроде кнопок и рычагов, а сверху — редстоуновую пыль, повторители и подобные элементы. Рама также удерживает воду внутри распространителя.$(p)Чтобы снять подмостки, нажмите ПКМ, удерживая Shift.	APPROVED_AS_IS
patchouli-lang:botania:botania.page.terraPick1	sha256:ba399dfd4e7bb812c9baf2d7c0c8e143c73728228fa371e8995d28597bfdb6c0	Количество $(thing)маны$(0) в крушителе определяет его $(thing)ранг$(0). Ранги (по возрастанию):$(li)$(thing)D$(0) (низший ранг);$(li)$(thing)C$(0);$(li)$(thing)B$(0);$(li)$(thing)A$(0);$(li)$(thing)S$(0);$(li)$(thing)SS$(0) (высший ранг).$(p).$(p)Количество $(thing)маны$(0), требуемое для перехода от ранга к рангу, растёт экспоненциально.	Количество $(thing)маны$(0) в инструменте определяет его $(thing)ранг$(0). Ранги идут от $(thing)D$(0) через $(thing)C$(0), $(thing)B$(0), $(thing)A$(0), $(thing)S$(0) до $(thing)SS$(0): $(thing)D$(0) — низший, а $(thing)SS$(0) — высший ранг.$(p)Количество $(thing)маны$(0), нужное для перехода к следующему рангу, растёт экспоненциально. Для перехода с $(thing)D$(0) на $(thing)C$(0) крушителю достаточно побыть несколько секунд у $(l:mana/pool)$(item)бассейна маны$(0)$(/l).	Восстановлен явный экспоненциальный рост требуемой маны и сохранена инструкция D→C.	APPROVED	/root/rescripted_changes_review	Количество $(thing)маны$(0) в инструменте определяет его $(thing)ранг$(0). Ранги идут от $(thing)D$(0) через $(thing)C$(0), $(thing)B$(0), $(thing)A$(0), $(thing)S$(0) до $(thing)SS$(0): $(thing)D$(0) — низший, а $(thing)SS$(0) — высший ранг.$(p)Чем выше ранг, тем больше $(thing)маны$(0) нужно для следующего. Чтобы подняться с $(thing)D$(0) до $(thing)C$(0), крушителю достаточно несколько секунд побыть у $(l:mana/pool)$(item)бассейна маны$(0)$(/l).	REVISED: восстановлен экспоненциальный рост требуемой маны; после checkpoint review исправлен порядок слов «побыть несколько секунд».
block:block.actuallyadditions.black_quartz_brick_slab	sha256:897291069a07798fb0ce0346b41669fd9fba1e4828b4ad4a50f0ca7626bd7c05	Плита из черного кварца	Плита из чёрных кварцевых кирпичей	В названии потерян тип материала Black Quartz Brick.	APPROVED	/root/rescripted_changes_review	Плита из чёрных кварцевых кирпичей	APPROVED_AS_IS
block:block.actuallyadditions.black_quartz_brick_stair	sha256:1e552d89ad544f0c2f8766290904c8e84782e7551f224f6a8a3ee8b5f5f9278f	Супеньки из черного кварца	Ступеньки из чёрных кварцевых кирпичей	Опечатка «Супеньки» и потерян тип материала Black Quartz Brick.	APPROVED	/root/rescripted_changes_review	Ступеньки из чёрных кварцевых кирпичей	APPROVED_AS_IS
block:block.actuallyadditions.black_quartz_brick_wall	sha256:adeb60c666c65ad2d2742c6e56b2302a9b93fa4b52c095d25869b749243930ea	Ограда из черного кварца	Ограда из чёрных кварцевых кирпичей	В названии потерян тип материала Black Quartz Brick.	APPROVED	/root/rescripted_changes_review	Ограда из чёрных кварцевых кирпичей	APPROVED_AS_IS
block:block.actuallyadditions.empowered_diamatine_crystal_block	sha256:f341a5d297c39260204fed1c8abf15d4640ebfe0ad20c41a434e0d75ace05327	Усиленный кристальный Диаматина	Усиленный кристальный блок Диаматина	Пропущено слово «блок», нарушена грамматика семейства.	APPROVED	/root/rescripted_changes_review	Усиленный кристальный блок Диаматина	APPROVED_AS_IS
block:block.actuallyadditions.empowered_emeradic_crystal_block	sha256:d90dac9a8b5635483200290dd7c3757751159f27050ff60eb8bc080e6f8bbdf9	Усиленный кристальный Эмерадиса	Усиленный кристальный блок Эмерадиса	Пропущено слово «блок», нарушена грамматика семейства.	APPROVED	/root/rescripted_changes_review	Усиленный кристальный блок Эмерадиса	APPROVED_AS_IS
block:block.actuallyadditions.empowered_palis_crystal_block	sha256:c6abd7b0231c232a5bee07fe7cf2b38b712c0bafeb9f0dace04a3ef6fc880990	Усиленный кристальный Палиса	Усиленный кристальный блок Палиса	Пропущено слово «блок», нарушена грамматика семейства.	APPROVED	/root/rescripted_changes_review	Усиленный кристальный блок Палиса	APPROVED_AS_IS
block:block.actuallyadditions.empowered_restonia_crystal_block	sha256:d4e8b2506ce6591c52b2008c88a75b186ed3af8d265ca48f64a0866dfe5040c6	Усиленный кристальный Рестонии	Усиленный кристальный блок Рестонии	Пропущено слово «блок», нарушена грамматика семейства.	APPROVED	/root/rescripted_changes_review	Усиленный кристальный блок Рестонии	APPROVED_AS_IS
block:block.actuallyadditions.empowered_void_crystal_block	sha256:7bc102a32954e0c02e39dbab7360f35a97516b4dd1c705a0f2e836b5fa9ab0e6	Усиленный кристальный Пустоты	Усиленный кристальный блок Пустоты	Пропущено слово «блок», нарушена грамматика семейства.	APPROVED	/root/rescripted_changes_review	Усиленный кристальный блок Пустоты	APPROVED_AS_IS
block:block.actuallyadditions.ethetic_green_stairs	sha256:d20cd69bed71ddc00b07314de0987918ff1d3253e27c8168072819360ed981cd	Декоративная лестница зелёный кварц	Декоративные ступеньки из зелёного кварца	Нарушена грамматика названия.	APPROVED	/root/rescripted_changes_review	Декоративные ступеньки из зелёного кварца	APPROVED_AS_IS
block:block.actuallyadditions.ethetic_white_stairs	sha256:2d13b0c2ca60648b622981e286f7c4d9ad0f3398c2476c5e88d7c022f05ff449	Декоративная лестница кварц	Декоративные ступеньки из кварца	Нарушена грамматика названия.	APPROVED	/root/rescripted_changes_review	Декоративные ступеньки из кварца	APPROVED_AS_IS
block:block.actuallyadditions.smooth_black_quartz_slab	sha256:3c3628bcfb1829672ce7a8d4d53551b1c28f75b3832e8957cb3447c6b00d41cb	Плита из гладкого кварца	Плита из гладкого чёрного кварца	В названии пропущен цвет Black.	APPROVED	/root/rescripted_changes_review	Плита из гладкого чёрного кварца	APPROVED_AS_IS
block:block.actuallyadditions.smooth_black_quartz_stair	sha256:458ef49c378fe2f04e7407ab496c1572ca3da665456de155173260ed489dce88	Ступеньки из гладкого кварца	Ступеньки из гладкого чёрного кварца	В названии пропущен цвет Black.	APPROVED	/root/rescripted_changes_review	Ступеньки из гладкого чёрного кварца	APPROVED_AS_IS
block:block.actuallyadditions.smooth_black_quartz_wall	sha256:d63f8990fa6b96452e669511c28f8e3e3f6ab963bb85116df0a1d56d16f87746	Ограда из гладкогоо чёрного кварца	Ограда из гладкого чёрного кварца	Опечатка «гладкогоо».	APPROVED	/root/rescripted_changes_review	Ограда из гладкого чёрного кварца	APPROVED_AS_IS
block:block.ae2.smooth_quartz_wall	sha256:6ba22b0e48b787fc914323fe8cb25d64701f9994f8a6730779536869fbcbde3c	Резная стена из истинного кварца	Гладкая стена из истинного кварца	Резная не соответствует исходному Smooth.	APPROVED	/root/rescripted_changes_review	Гладкая стена из истинного кварца	APPROVED_AS_IS
block:block.beachparty.palm_wall_sign	sha256:c5124188c074e3aa3da275a751ae6db18899f1dc4fc1fb685660d02d1ff6f294	Palm Sign	Пальмовая табличка	Источник и одноимённая запись используют Palm Sign без признака Wall; сохранена терминологическая пара.	APPROVED	/root/rescripted_changes_review	Пальмовая настенная табличка	REVISED: убран не подтверждённый source признак Wall; название согласовано с palm_sign.
block:block.dustrial_decor.sheet_metal_walling	sha256:e80113d6512948de1b2f65c8f14f955d63a9b258808f782dc798263ff7538190	Облицовка из листового металла 	Облицовка из листового металла	Лишний пробел в конце строки.	APPROVED	/root/rescripted_changes_review	Облицовка из листового металла	APPROVED_AS_IS
block:block.escalated.wooden_narrow_escalator	sha256:4dc94367fcea6ce40d5f5621a527e9e0908665ab4b15ab849058d0c9b20ff6ae	Деревянный эксалатор	Деревянный эскалатор	Орфографическая ошибка: «эксалатор».	APPROVED	/root/rescripted_changes_review	Деревянный эскалатор	APPROVED_AS_IS
block:block.immersiveengineering.slab_sheetmetal_electrum	sha256:bbeb486f7692f487a4a5594d00ed881d9fc1a6632e395ae931db58246b80faad	Электриумавая плита из листового металла	Электрумовая плита из листового металла	Опечатка в термине Electrum: «Электриумавая».	APPROVED	/root/rescripted_changes_review	Электрумовая плита из листового металла	APPROVED_AS_IS
item:block.actuallyadditions.black_quartz_brick_slab	sha256:897291069a07798fb0ce0346b41669fd9fba1e4828b4ad4a50f0ca7626bd7c05	Плита из черного кварца	Плита из чёрных кварцевых кирпичей	В названии потерян тип материала Black Quartz Brick.	APPROVED	/root/rescripted_changes_review	Плита из чёрных кварцевых кирпичей	APPROVED_AS_IS
item:block.actuallyadditions.black_quartz_brick_stair	sha256:1e552d89ad544f0c2f8766290904c8e84782e7551f224f6a8a3ee8b5f5f9278f	Супеньки из черного кварца	Ступеньки из чёрных кварцевых кирпичей	Опечатка «Супеньки» и потерян тип материала Black Quartz Brick.	APPROVED	/root/rescripted_changes_review	Ступеньки из чёрных кварцевых кирпичей	APPROVED_AS_IS
item:block.actuallyadditions.black_quartz_brick_wall	sha256:adeb60c666c65ad2d2742c6e56b2302a9b93fa4b52c095d25869b749243930ea	Ограда из черного кварца	Ограда из чёрных кварцевых кирпичей	В названии потерян тип материала Black Quartz Brick.	APPROVED	/root/rescripted_changes_review	Ограда из чёрных кварцевых кирпичей	APPROVED_AS_IS
item:block.actuallyadditions.empowered_diamatine_crystal_block	sha256:f341a5d297c39260204fed1c8abf15d4640ebfe0ad20c41a434e0d75ace05327	Усиленный кристальный Диаматина	Усиленный кристальный блок Диаматина	Пропущено слово «блок», нарушена грамматика семейства.	APPROVED	/root/rescripted_changes_review	Усиленный кристальный блок Диаматина	APPROVED_AS_IS
item:block.actuallyadditions.empowered_emeradic_crystal_block	sha256:d90dac9a8b5635483200290dd7c3757751159f27050ff60eb8bc080e6f8bbdf9	Усиленный кристальный Эмерадиса	Усиленный кристальный блок Эмерадиса	Пропущено слово «блок», нарушена грамматика семейства.	APPROVED	/root/rescripted_changes_review	Усиленный кристальный блок Эмерадиса	APPROVED_AS_IS
item:block.actuallyadditions.empowered_palis_crystal_block	sha256:c6abd7b0231c232a5bee07fe7cf2b38b712c0bafeb9f0dace04a3ef6fc880990	Усиленный кристальный Палиса	Усиленный кристальный блок Палиса	Пропущено слово «блок», нарушена грамматика семейства.	APPROVED	/root/rescripted_changes_review	Усиленный кристальный блок Палиса	APPROVED_AS_IS
item:block.actuallyadditions.empowered_restonia_crystal_block	sha256:d4e8b2506ce6591c52b2008c88a75b186ed3af8d265ca48f64a0866dfe5040c6	Усиленный кристальный Рестонии	Усиленный кристальный блок Рестонии	Пропущено слово «блок», нарушена грамматика семейства.	APPROVED	/root/rescripted_changes_review	Усиленный кристальный блок Рестонии	APPROVED_AS_IS
item:block.actuallyadditions.empowered_void_crystal_block	sha256:7bc102a32954e0c02e39dbab7360f35a97516b4dd1c705a0f2e836b5fa9ab0e6	Усиленный кристальный Пустоты	Усиленный кристальный блок Пустоты	Пропущено слово «блок», нарушена грамматика семейства.	APPROVED	/root/rescripted_changes_review	Усиленный кристальный блок Пустоты	APPROVED_AS_IS
item:block.actuallyadditions.ethetic_green_stairs	sha256:d20cd69bed71ddc00b07314de0987918ff1d3253e27c8168072819360ed981cd	Декоративная лестница зелёный кварц	Декоративные ступеньки из зелёного кварца	Нарушена грамматика названия.	APPROVED	/root/rescripted_changes_review	Декоративные ступеньки из зелёного кварца	APPROVED_AS_IS
item:block.actuallyadditions.ethetic_white_stairs	sha256:2d13b0c2ca60648b622981e286f7c4d9ad0f3398c2476c5e88d7c022f05ff449	Декоративная лестница кварц	Декоративные ступеньки из кварца	Нарушена грамматика названия.	APPROVED	/root/rescripted_changes_review	Декоративные ступеньки из кварца	APPROVED_AS_IS
item:block.actuallyadditions.smooth_black_quartz_slab	sha256:3c3628bcfb1829672ce7a8d4d53551b1c28f75b3832e8957cb3447c6b00d41cb	Плита из гладкого кварца	Плита из гладкого чёрного кварца	В названии пропущен цвет Black.	APPROVED	/root/rescripted_changes_review	Плита из гладкого чёрного кварца	APPROVED_AS_IS
item:block.actuallyadditions.smooth_black_quartz_stair	sha256:458ef49c378fe2f04e7407ab496c1572ca3da665456de155173260ed489dce88	Ступеньки из гладкого кварца	Ступеньки из гладкого чёрного кварца	В названии пропущен цвет Black.	APPROVED	/root/rescripted_changes_review	Ступеньки из гладкого чёрного кварца	APPROVED_AS_IS
item:block.actuallyadditions.smooth_black_quartz_wall	sha256:d63f8990fa6b96452e669511c28f8e3e3f6ab963bb85116df0a1d56d16f87746	Ограда из гладкогоо чёрного кварца	Ограда из гладкого чёрного кварца	Опечатка «гладкогоо».	APPROVED	/root/rescripted_changes_review	Ограда из гладкого чёрного кварца	APPROVED_AS_IS
item:block.ae2.smooth_quartz_wall	sha256:6ba22b0e48b787fc914323fe8cb25d64701f9994f8a6730779536869fbcbde3c	Резная стена из истинного кварца	Гладкая стена из истинного кварца	Резная не соответствует исходному Smooth.	APPROVED	/root/rescripted_changes_review	Гладкая стена из истинного кварца	APPROVED_AS_IS
item:block.dustrial_decor.sheet_metal_walling	sha256:e80113d6512948de1b2f65c8f14f955d63a9b258808f782dc798263ff7538190	Облицовка из листового металла 	Облицовка из листового металла	Лишний пробел в конце строки.	APPROVED	/root/rescripted_changes_review	Облицовка из листового металла	APPROVED_AS_IS
item:block.immersiveengineering.slab_sheetmetal_electrum	sha256:bbeb486f7692f487a4a5594d00ed881d9fc1a6632e395ae931db58246b80faad	Электриумавая плита из листового металла	Электрумовая плита из листового металла	Опечатка в термине Electrum: «Электриумавая».	APPROVED	/root/rescripted_changes_review	Электрумовая плита из листового металла	APPROVED_AS_IS
item:item.actuallyadditions.crystallized_canola_seed	sha256:8ab7c3ed6f6a5cf4ee9e3a04ab294cdc7f69b2d3d64632bdc3b228e780095cc7	Кристаллизированые семена канолы	Кристаллизированные семена канолы	Орфографическая ошибка: одна «н» вместо двух.	APPROVED	/root/rescripted_changes_review	Кристаллизированные семена канолы	APPROVED_AS_IS
item:item.actuallyadditions.drill_light_blue	sha256:a9ebea0ca61ebf391f49c48edfa8bb677d7268ed22508f109843185252465a1e	Светло- синяя дрель	Светло-синяя дрель	Лишний пробел после дефиса.	APPROVED	/root/rescripted_changes_review	Светло-синяя дрель	APPROVED_AS_IS
item:item.createaddition.electrum_rod	sha256:5aacd2ab4244d26994b80589b688cb553533ef3f620b0fef14fa8d6a2f2e0d73	Электровый стержень	Электрумовый стержень	Термин Electrum переведён неверно; нарушена терминология семейства.	APPROVED	/root/rescripted_changes_review	Электрумовый стержень	APPROVED_AS_IS
item:item.createaddition.electrum_sheet	sha256:52387860ee4906021fc3ecb6342d4ae717e2c4da1f9f26678275be13b2720984	Электровый лист	Электрумовый лист	Термин Electrum переведён неверно; нарушена терминология семейства.	APPROVED	/root/rescripted_changes_review	Электрумовый лист	APPROVED_AS_IS
item:item.createaddition.electrum_spool	sha256:97c9998101157783c351bb70c41e1ed2272b9ec07845deaa7fd728d114f9aaf0	Электровая катушка	Электрумовая катушка	Термин Electrum переведён неверно; нарушена терминология семейства.	APPROVED	/root/rescripted_changes_review	Электрумовая катушка	APPROVED_AS_IS
item:item.createaddition.electrum_wire	sha256:5ef18e2d800050f1cc4d33df09d7a7cac4a701a1ce2d4c7dec8aea84ff899531	Электровый провод	Электрумовый провод	Термин Electrum переведён неверно; нарушена терминология семейства.	APPROVED	/root/rescripted_changes_review	Электрумовый провод	APPROVED_AS_IS
block:block.mekanism.antiprotonic_nucleosynthesizer	sha256:fbf3264dea4a3dc6faa5fe3da05b374524c5fd3b2a0708e60ee7159de479fcb7	Антипротонный Нуклеосинтезатор	Антипротонный нуклеосинтезатор	Необоснованная прописная буква в нарицательном названии.	APPROVED	/root/rescripted_changes_review	Антипротонный нуклеосинтезатор	APPROVED_AS_IS
item:block.mekanism.antiprotonic_nucleosynthesizer	sha256:fbf3264dea4a3dc6faa5fe3da05b374524c5fd3b2a0708e60ee7159de479fcb7	Антипротонный Нуклеосинтезатор	Антипротонный нуклеосинтезатор	Необоснованная прописная буква в нарицательном названии.	APPROVED	/root/rescripted_changes_review	Антипротонный нуклеосинтезатор	APPROVED_AS_IS
block:block.mekanism.resistive_heater	sha256:92a0742ec51365ae8aa2216bc01bd58a250e8efe2f16ccca252364dcba2d6375	Устойчивый нагреватель	Резистивный нагреватель	Устойчивый не передаёт техническое значение Resistive.	APPROVED	/root/rescripted_changes_review	Резистивный нагреватель	APPROVED_AS_IS
item:block.mekanism.resistive_heater	sha256:92a0742ec51365ae8aa2216bc01bd58a250e8efe2f16ccca252364dcba2d6375	Устойчивый нагреватель	Резистивный нагреватель	Устойчивый не передаёт техническое значение Resistive.	APPROVED	/root/rescripted_changes_review	Резистивный нагреватель	APPROVED_AS_IS
block:block.mekanism.steam	sha256:68956c8be0e4f5f91936a7cbd13e11522f856be27e16472ee6b545de89d4561c	Жидкий Пар	Жидкий пар	Необоснованная прописная буква в нарицательном названии.	APPROVED	/root/rescripted_changes_review	Жидкий пар	APPROVED_AS_IS
item:item.mekanism.uranium_hexafluoride_bucket	sha256:01a67af66822ef3c7f29a13e3f6bab5b5ef253c198337f98e4cf6d8df5e2a47f	Ведро жидкого гексафторид урана	Ведро жидкого гексафторида урана	Нарушено управление: требуется родительный падеж.	APPROVED	/root/rescripted_changes_review	Ведро жидкого гексафторида урана	APPROVED_AS_IS
item:item.mekanism.uranium_oxide_bucket	sha256:7237812abedd88ed638fa807ffa5d00483ddad9f27d78327b6288a14d7b436a4	Ведро жидкого оксид урана	Ведро жидкого оксида урана	Нарушено управление: требуется родительный падеж.	APPROVED	/root/rescripted_changes_review	Ведро жидкого оксида урана	APPROVED_AS_IS
item:item.musketmod.pistol	sha256:598ca21fb3ec32e06462112dc506fc703daaef1e75823be3e88023684d291170	Кремневый Пистолет	Кремневый пистолет	Необоснованная прописная буква в нарицательном названии.	APPROVED	/root/rescripted_changes_review	Кремневый пистолет	APPROVED_AS_IS
block:block.neapolitan.black_adzuki_candle_cake	sha256:775b33321093d6d933b74c0571f8fcfd61988f4ad8ecb3a3d5e89aee98ad1ffb	Адзуковый торт c чёрной свечой	Адзуковый торт с чёрной свечой	Латинская c вместо кириллической с.	APPROVED	/root/rescripted_changes_review	Адзуковый торт с чёрной свечой	APPROVED_AS_IS
block:block.neapolitan.black_banana_candle_cake	sha256:fceea946a3ae6abb204cf116f45c71ef40819bf2c96ec493a0f89d7f5860fd66	Банановый торт c чёрной свечой	Банановый торт с чёрной свечой	Латинская c вместо кириллической с.	APPROVED	/root/rescripted_changes_review	Банановый торт с чёрной свечой	APPROVED_AS_IS
block:block.neapolitan.black_chocolate_candle_cake	sha256:943debdbbd4d6762061fdbba5a846b09ce910d1fa4bf0c32c1989e54878b9717	Шоколадный торт c чёрной свечой	Шоколадный торт с чёрной свечой	Латинская c вместо кириллической с.	APPROVED	/root/rescripted_changes_review	Шоколадный торт с чёрной свечой	APPROVED_AS_IS
block:block.neapolitan.black_mint_candle_cake	sha256:0c506429d79818b9395992e1a1206007046ddc94856c39a1982af8041353e91e	Мятный торт c чёрной свечой	Мятный торт с чёрной свечой	Латинская c вместо кириллической с.	APPROVED	/root/rescripted_changes_review	Мятный торт с чёрной свечой	APPROVED_AS_IS
block:block.neapolitan.black_strawberry_candle_cake	sha256:d0a5251fe40c57bdbf5cd32f7fae5ffbdf9c668cb133477c7adffe0f987d0062	Клубничный торт c чёрной свечой	Клубничный торт с чёрной свечой	Латинская c вместо кириллической с.	APPROVED	/root/rescripted_changes_review	Клубничный торт с чёрной свечой	APPROVED_AS_IS
block:block.neapolitan.black_vanilla_candle_cake	sha256:0355a43230947cfa379eafaa7f2d3ff19cd44b54ae2e59f028ffdd931459bde6	Ванильный торт c чёрной свечой	Ванильный торт с чёрной свечой	Латинская c вместо кириллической с.	APPROVED	/root/rescripted_changes_review	Ванильный торт с чёрной свечой	APPROVED_AS_IS
block:block.neapolitan.blue_adzuki_candle_cake	sha256:e7e0bd7775d08054be8f48b985c5a7f7cc08c1784d3f61089b6005dfdf801da0	Адзуковый торт c синей свечой	Адзуковый торт с синей свечой	Латинская c вместо кириллической с.	APPROVED	/root/rescripted_changes_review	Адзуковый торт с синей свечой	APPROVED_AS_IS
block:block.neapolitan.blue_banana_candle_cake	sha256:d6955461f48248543f56835e346b7b9e3ece31f560f5720649f9f74710c10d67	Банановый торт c синей свечой	Банановый торт с синей свечой	Латинская c вместо кириллической с.	APPROVED	/root/rescripted_changes_review	Банановый торт с синей свечой	APPROVED_AS_IS
block:block.neapolitan.blue_chocolate_candle_cake	sha256:bda91d3f8a35498b5fa1703db865c4c74dc84660021c2e2a79c149de0e4fb425	Шоколадный торт c синей свечой	Шоколадный торт с синей свечой	Латинская c вместо кириллической с.	APPROVED	/root/rescripted_changes_review	Шоколадный торт с синей свечой	APPROVED_AS_IS
block:block.neapolitan.blue_mint_candle_cake	sha256:6825ea58d6601d27d68b41dc4b1b843983efc4daf25b6e9dc28c58edff119e40	Мятный торт c синей свечой	Мятный торт с синей свечой	Латинская c вместо кириллической с.	APPROVED	/root/rescripted_changes_review	Мятный торт с синей свечой	APPROVED_AS_IS
block:block.neapolitan.blue_strawberry_candle_cake	sha256:4f8ff1ab84fdf0fd2a58dc9f1a443510cf4e2e27c2c1132f33335fe2f9ca61d6	Клубничный торт c синей свечой	Клубничный торт с синей свечой	Латинская c вместо кириллической с.	APPROVED	/root/rescripted_changes_review	Клубничный торт с синей свечой	APPROVED_AS_IS
block:block.neapolitan.blue_vanilla_candle_cake	sha256:77120f6799cc891b6f4a9bb8870478a03ba9e16fee44d112fb05111e09db0736	Ванильный торт c синей свечой	Ванильный торт с синей свечой	Латинская c вместо кириллической с.	APPROVED	/root/rescripted_changes_review	Ванильный торт с синей свечой	APPROVED_AS_IS
block:block.neapolitan.brown_adzuki_candle_cake	sha256:50463437a136355a755a9f1ae7004264b014a484c98cd2cdc0d08e28d0744c88	Адзуковый торт c коричневой свечой	Адзуковый торт с коричневой свечой	Латинская c вместо кириллической с.	APPROVED	/root/rescripted_changes_review	Адзуковый торт с коричневой свечой	APPROVED_AS_IS
block:block.neapolitan.brown_banana_candle_cake	sha256:96d3d3973b321682cc93065d0a5dc9f5e0f92a6ed03bc11a2d0a2a2a895d3d83	Банановый торт c коричневой свечой	Банановый торт с коричневой свечой	Латинская c вместо кириллической с.	APPROVED	/root/rescripted_changes_review	Банановый торт с коричневой свечой	APPROVED_AS_IS
block:block.neapolitan.brown_chocolate_candle_cake	sha256:fed45238f6344d4dc5189ed1446d90176b7329a43e41107a7bd7b47ea487149f	Шоколадный торт c коричневой свечой	Шоколадный торт с коричневой свечой	Латинская c вместо кириллической с.	APPROVED	/root/rescripted_changes_review	Шоколадный торт с коричневой свечой	APPROVED_AS_IS
block:block.neapolitan.brown_mint_candle_cake	sha256:65c0c685c651613f98c1f799198771e3889dda2410ac7c370ff6911afbcfb1c1	Мятный торт c коричневой свечой	Мятный торт с коричневой свечой	Латинская c вместо кириллической с.	APPROVED	/root/rescripted_changes_review	Мятный торт с коричневой свечой	APPROVED_AS_IS
block:block.neapolitan.brown_strawberry_candle_cake	sha256:1b2f0e124e61bba80e373d8edcd6fafd5ab87347cbd819e27c52d1a9b5d6dbfd	Клубничный торт c коричневой свечой	Клубничный торт с коричневой свечой	Латинская c вместо кириллической с.	APPROVED	/root/rescripted_changes_review	Клубничный торт с коричневой свечой	APPROVED_AS_IS
block:block.neapolitan.brown_vanilla_candle_cake	sha256:8659e17b90caae93cbdc1f0bf5ac11443733719fc56236fd165969563975ebbf	Ванильный торт c коричневой свечой	Ванильный торт с коричневой свечой	Латинская c вместо кириллической с.	APPROVED	/root/rescripted_changes_review	Ванильный торт с коричневой свечой	APPROVED_AS_IS
block:block.neapolitan.chocolate_brick_slab	sha256:08a286698d6b17795c9e430f136b878dafa53c2981c8ae42311346f4f0038c7a	Плита из шоколодных кирпичей	Плита из шоколадных кирпичей	Орфографическая ошибка: «шоколодных».	APPROVED	/root/rescripted_changes_review	Плита из шоколадных кирпичей	APPROVED_AS_IS
block:block.neapolitan.cyan_adzuki_candle_cake	sha256:073375fd0b77f29f4e4be5b91e1334fa5dfdc67afb363ffdbeafbf8073d79397	Адзуковый торт c бирюзовой свечой	Адзуковый торт с бирюзовой свечой	Латинская c вместо кириллической с.	APPROVED	/root/rescripted_changes_review	Адзуковый торт с бирюзовой свечой	APPROVED_AS_IS
block:block.neapolitan.cyan_banana_candle_cake	sha256:7fef0f15857606b06828048b75cb156fd4f27b286d3d70ee4cd2ecd0460f322b	Банановый торт c бирюзовой свечой	Банановый торт с бирюзовой свечой	Латинская c вместо кириллической с.	APPROVED	/root/rescripted_changes_review	Банановый торт с бирюзовой свечой	APPROVED_AS_IS
block:block.neapolitan.cyan_chocolate_candle_cake	sha256:0d638a90c92ddc5076e2c66f0ef9121f7d62fbdac0f638ac786cbd6d0653db9e	Шоколадный торт c бирюзовой свечой	Шоколадный торт с бирюзовой свечой	Латинская c вместо кириллической с.	APPROVED	/root/rescripted_changes_review	Шоколадный торт с бирюзовой свечой	APPROVED_AS_IS
block:block.neapolitan.cyan_mint_candle_cake	sha256:8a4b4717eab5fd9b501f07f9074b5e98181b2ad98ea9054bb76169b924e5e292	Мятный торт c бирюзовой свечой	Мятный торт с бирюзовой свечой	Латинская c вместо кириллической с.	APPROVED	/root/rescripted_changes_review	Мятный торт с бирюзовой свечой	APPROVED_AS_IS
block:block.neapolitan.cyan_strawberry_candle_cake	sha256:00a91a471e02ab9f7ef0ce1f4be7e24ec15701d6a8ed839a91bb3fa2380c6c40	Клубничный торт c бирюзовой свечой	Клубничный торт с бирюзовой свечой	Латинская c вместо кириллической с.	APPROVED	/root/rescripted_changes_review	Клубничный торт с бирюзовой свечой	APPROVED_AS_IS
block:block.neapolitan.cyan_vanilla_candle_cake	sha256:d709b2c4669e73faae72cabc6d009d3e7bf409766af1260cab6b2a2c513d03b4	Ванильный торт c бирюзовой свечой	Ванильный торт с бирюзовой свечой	Латинская c вместо кириллической с.	APPROVED	/root/rescripted_changes_review	Ванильный торт с бирюзовой свечой	APPROVED_AS_IS
block:block.neapolitan.gray_adzuki_candle_cake	sha256:82aef99a6f1a18efceb611d2106f27c5254d8171f97ecf426b9c19379e836e89	Адзуковый торт c серой свечой	Адзуковый торт с серой свечой	Латинская c вместо кириллической с.	APPROVED	/root/rescripted_changes_review	Адзуковый торт с серой свечой	APPROVED_AS_IS
block:block.neapolitan.gray_banana_candle_cake	sha256:74daa8f2e9773f79649f01218df270ee9e9625048d5fe68605fdaceaa69d36c5	Банановый торт c серой свечой	Банановый торт с серой свечой	Латинская c вместо кириллической с.	APPROVED	/root/rescripted_changes_review	Банановый торт с серой свечой	APPROVED_AS_IS
block:block.neapolitan.gray_chocolate_candle_cake	sha256:72ea5eec57af1d28b36406a827fd379379142fbbe1dc34e30447ae1c9b23defa	Шоколадный торт c серой свечой	Шоколадный торт с серой свечой	Латинская c вместо кириллической с.	APPROVED	/root/rescripted_changes_review	Шоколадный торт с серой свечой	APPROVED_AS_IS
block:block.neapolitan.gray_mint_candle_cake	sha256:6db66b50651268ae1195edf0f1ab4a9ef4d3ae161f569086fe7cf5588fc75c1f	Мятный торт c серой свечой	Мятный торт с серой свечой	Латинская c вместо кириллической с.	APPROVED	/root/rescripted_changes_review	Мятный торт с серой свечой	APPROVED_AS_IS
block:block.neapolitan.gray_strawberry_candle_cake	sha256:e1e2cdbcfb47ea1408a126e5cac4fe9d6d4e4b5d726dcd49077dc633b1c29c62	Клубничный торт c серой свечой	Клубничный торт с серой свечой	Латинская c вместо кириллической с.	APPROVED	/root/rescripted_changes_review	Клубничный торт с серой свечой	APPROVED_AS_IS
block:block.neapolitan.gray_vanilla_candle_cake	sha256:3e690dcbc2aa03f500e6239c0b0f719ed9c775cfd97682f67043f83e492771fa	Ванильный торт c серой свечой	Ванильный торт с серой свечой	Латинская c вместо кириллической с.	APPROVED	/root/rescripted_changes_review	Ванильный торт с серой свечой	APPROVED_AS_IS
block:block.neapolitan.green_adzuki_candle_cake	sha256:210b788a0d042f483d5fabc39f7db641ba4dd9de14bacbad6caff5d440f27f71	Адзуковый торт c зелёной свечой	Адзуковый торт с зелёной свечой	Латинская c вместо кириллической с.	APPROVED	/root/rescripted_changes_review	Адзуковый торт с зелёной свечой	APPROVED_AS_IS
block:block.neapolitan.green_banana_candle_cake	sha256:a31c4f307e2c0f879dda92376868c3fc65fbd0a7fd7f94f8311ef8a9165a9812	Банановый торт c зелёной свечой	Банановый торт с зелёной свечой	Латинская c вместо кириллической с.	APPROVED	/root/rescripted_changes_review	Банановый торт с зелёной свечой	APPROVED_AS_IS
block:block.neapolitan.green_chocolate_candle_cake	sha256:b82ff3d26fb0be5e426496bb89f8f32dc9cc05783e2b5cda7bc80989d0d6c5c6	Шоколадный торт c зелёной свечой	Шоколадный торт с зелёной свечой	Латинская c вместо кириллической с.	APPROVED	/root/rescripted_changes_review	Шоколадный торт с зелёной свечой	APPROVED_AS_IS
block:block.neapolitan.green_mint_candle_cake	sha256:85c2e215ede6b4276a3cd509e698c098799b77ae0c019e46c84bce6b999da46a	Мятный торт c зелёной свечой	Мятный торт с зелёной свечой	Латинская c вместо кириллической с.	APPROVED	/root/rescripted_changes_review	Мятный торт с зелёной свечой	APPROVED_AS_IS
block:block.neapolitan.green_strawberry_candle_cake	sha256:dfa0f07e4ce80cbb5b54e89d82ddc1ce08950c5bf20bebbe060a4fc863059b73	Клубничный торт c зелёной свечой	Клубничный торт с зелёной свечой	Латинская c вместо кириллической с.	APPROVED	/root/rescripted_changes_review	Клубничный торт с зелёной свечой	APPROVED_AS_IS
block:block.neapolitan.green_vanilla_candle_cake	sha256:1be205007f11d0cf8b27c28bcaf23e68c81e57d9fb22c55bec0c7225651aff7d	Ванильный торт c зелёной свечой	Ванильный торт с зелёной свечой	Латинская c вместо кириллической с.	APPROVED	/root/rescripted_changes_review	Ванильный торт с зелёной свечой	APPROVED_AS_IS
block:block.neapolitan.light_blue_adzuki_candle_cake	sha256:835d92fb092c8c7a5c138cab4a923da33cc5a794be9db56e17b1871105ace2c9	Адзуковый торт c голубой свечой	Адзуковый торт с голубой свечой	Латинская c вместо кириллической с.	APPROVED	/root/rescripted_changes_review	Адзуковый торт с голубой свечой	APPROVED_AS_IS
block:block.neapolitan.light_blue_banana_candle_cake	sha256:efb23347ae0fff0627af5db5264e807f5be1eb32dafd756f36bbf188376b47a6	Банановый торт c голубой свечой	Банановый торт с голубой свечой	Латинская c вместо кириллической с.	APPROVED	/root/rescripted_changes_review	Банановый торт с голубой свечой	APPROVED_AS_IS
block:block.neapolitan.light_blue_chocolate_candle_cake	sha256:cc44e911dc6634f8041bfe0574e470f7ab3a3ad417502f31acf5d61f5a944c78	Шоколадный торт c голубой свечой	Шоколадный торт с голубой свечой	Латинская c вместо кириллической с.	APPROVED	/root/rescripted_changes_review	Шоколадный торт с голубой свечой	APPROVED_AS_IS
block:block.neapolitan.light_blue_mint_candle_cake	sha256:38b35aad656f381e3d5c34877b8a71945d702be3556b397258137c9321da384b	Мятный торт c голубой свечой	Мятный торт с голубой свечой	Латинская c вместо кириллической с.	APPROVED	/root/rescripted_changes_review	Мятный торт с голубой свечой	APPROVED_AS_IS
block:block.neapolitan.light_blue_strawberry_candle_cake	sha256:c8b8f3a94e41a7624d1fe90ec51aed2be698ccfc1cf98dff7ecd260e3233fc2f	Клубничный торт c голубой свечой	Клубничный торт с голубой свечой	Латинская c вместо кириллической с.	APPROVED	/root/rescripted_changes_review	Клубничный торт с голубой свечой	APPROVED_AS_IS
block:block.neapolitan.light_blue_vanilla_candle_cake	sha256:15b80b7f7805daf7b6335fb96075d776e33dc25114ac25332fc8ca1c17085037	Ванильный торт c голубой свечой	Ванильный торт с голубой свечой	Латинская c вместо кириллической с.	APPROVED	/root/rescripted_changes_review	Ванильный торт с голубой свечой	APPROVED_AS_IS
block:block.neapolitan.lime_adzuki_candle_cake	sha256:44e7f0f85b04a7fbba79148a9b1b3d65d696012f93b6a001268ddd298d2f396f	Адзуковый торт c лаймовой свечой	Адзуковый торт с лаймовой свечой	Латинская c вместо кириллической с.	APPROVED	/root/rescripted_changes_review	Адзуковый торт с лаймовой свечой	APPROVED_AS_IS
block:block.neapolitan.lime_banana_candle_cake	sha256:d476368b16ebf0004f520c1871a428d8276b285fe42bfa02face4cb98d7aaf25	Банановый торт c лаймовой свечой	Банановый торт с лаймовой свечой	Латинская c вместо кириллической с.	APPROVED	/root/rescripted_changes_review	Банановый торт с лаймовой свечой	APPROVED_AS_IS
block:block.neapolitan.lime_chocolate_candle_cake	sha256:2044f788b87d8493641dc28bd7081e81b4e0f92527feb9ed692423b42083b1dc	Шоколадный торт c лаймовой свечой	Шоколадный торт с лаймовой свечой	Латинская c вместо кириллической с.	APPROVED	/root/rescripted_changes_review	Шоколадный торт с лаймовой свечой	APPROVED_AS_IS
block:block.neapolitan.lime_mint_candle_cake	sha256:62e864160683f0c8f289dfb6948e97d23b2f926fd016c0046e5e5124b0ecb9e0	Мятный торт c лаймовой свечой	Мятный торт с лаймовой свечой	Латинская c вместо кириллической с.	APPROVED	/root/rescripted_changes_review	Мятный торт с лаймовой свечой	APPROVED_AS_IS
block:block.neapolitan.lime_strawberry_candle_cake	sha256:e2431ec8bbd1a8f70eb82863aab02869f50ecdb381f4e20a64127564e293a5cb	Клубничный торт c лаймовой свечой	Клубничный торт с лаймовой свечой	Латинская c вместо кириллической с.	APPROVED	/root/rescripted_changes_review	Клубничный торт с лаймовой свечой	APPROVED_AS_IS
block:block.neapolitan.lime_vanilla_candle_cake	sha256:72d477d2854870f737658b02c839e3577f8a07fdbf3ae1b64de6d6ccdcec12c1	Ванильный торт c лаймовой свечой	Ванильный торт с лаймовой свечой	Латинская c вместо кириллической с.	APPROVED	/root/rescripted_changes_review	Ванильный торт с лаймовой свечой	APPROVED_AS_IS
block:block.neapolitan.magenta_adzuki_candle_cake	sha256:233b2e52edcd29e964d26cab90526c6b149813ddf3f8b4e536c1e4be1215e808	Адзуковый торт c пурпурной свечой	Адзуковый торт с пурпурной свечой	Латинская c вместо кириллической с.	APPROVED	/root/rescripted_changes_review	Адзуковый торт с пурпурной свечой	APPROVED_AS_IS
block:block.neapolitan.magenta_banana_candle_cake	sha256:221086d972d3cca01406074b7744f27f63b89df5904be5554198da615afa6b30	Банановый торт c пурпурной свечой	Банановый торт с пурпурной свечой	Латинская c вместо кириллической с.	APPROVED	/root/rescripted_changes_review	Банановый торт с пурпурной свечой	APPROVED_AS_IS
block:block.neapolitan.magenta_chocolate_candle_cake	sha256:bc61eb0d06d1ace8369be1345cc603db3e66aeb852b85e15f8e843f2714797d2	Шоколадный торт c пурпурной свечой	Шоколадный торт с пурпурной свечой	Латинская c вместо кириллической с.	APPROVED	/root/rescripted_changes_review	Шоколадный торт с пурпурной свечой	APPROVED_AS_IS
block:block.neapolitan.magenta_mint_candle_cake	sha256:ad464cfd4991ab7accceeb2b9e9ff86b1c712258ce1d7e90ba7fd9aa46d914a0	Мятный торт c пурпурной свечой	Мятный торт с пурпурной свечой	Латинская c вместо кириллической с.	APPROVED	/root/rescripted_changes_review	Мятный торт с пурпурной свечой	APPROVED_AS_IS
block:block.neapolitan.magenta_strawberry_candle_cake	sha256:6685a7d9e1ce87199dc4940b00f3ca40a3c55085f2dd04984d376451fcf3e7ff	Клубничный торт c пурпурной свечой	Клубничный торт с пурпурной свечой	Латинская c вместо кириллической с.	APPROVED	/root/rescripted_changes_review	Клубничный торт с пурпурной свечой	APPROVED_AS_IS
block:block.neapolitan.magenta_vanilla_candle_cake	sha256:62cd8a83c5ac8057ac69e8076fafb42fe1560e1a7b3fcec4ada4c625394a67f4	Ванильный торт c пурпурной свечой	Ванильный торт с пурпурной свечой	Латинская c вместо кириллической с.	APPROVED	/root/rescripted_changes_review	Ванильный торт с пурпурной свечой	APPROVED_AS_IS
block:block.neapolitan.orange_adzuki_candle_cake	sha256:0104e2d6a360c5a22b6e11fdda4c550a8e80edebf9ac0034aa742d3e27d42b38	Адзуковый торт c оранжевой свечой	Адзуковый торт с оранжевой свечой	Латинская c вместо кириллической с.	APPROVED	/root/rescripted_changes_review	Адзуковый торт с оранжевой свечой	APPROVED_AS_IS
block:block.neapolitan.orange_banana_candle_cake	sha256:be5fd9a48fe4d0e44cc4c5a815e43a7627222d3acef4b4cb54eda1c037ad623e	Банановый торт c оранжевой свечой	Банановый торт с оранжевой свечой	Латинская c вместо кириллической с.	APPROVED	/root/rescripted_changes_review	Банановый торт с оранжевой свечой	APPROVED_AS_IS
block:block.neapolitan.orange_chocolate_candle_cake	sha256:46c757ab6cb44d66bb5da9360d06fb6c91b9847f94a5dd5575a31b99c58b1318	Шоколадный торт c оранжевой свечой	Шоколадный торт с оранжевой свечой	Латинская c вместо кириллической с.	APPROVED	/root/rescripted_changes_review	Шоколадный торт с оранжевой свечой	APPROVED_AS_IS
block:block.neapolitan.orange_mint_candle_cake	sha256:7af25fd8dff9025286fae450c473638eabebea85097dfb06cd965711652da968	Мятный торт c оранжевой свечой	Мятный торт с оранжевой свечой	Латинская c вместо кириллической с.	APPROVED	/root/rescripted_changes_review	Мятный торт с оранжевой свечой	APPROVED_AS_IS
block:block.neapolitan.orange_strawberry_candle_cake	sha256:e311b089d658793d95a1f4491df24f1d915ab33418b67778e67493c487e6091f	Клубничный торт c оранжевой свечой	Клубничный торт с оранжевой свечой	Латинская c вместо кириллической с.	APPROVED	/root/rescripted_changes_review	Клубничный торт с оранжевой свечой	APPROVED_AS_IS
block:block.neapolitan.orange_vanilla_candle_cake	sha256:b487a6672d7c651da5c290ae842e13c65df11204bf310bf41607773b6edaa1dd	Ванильный торт c оранжевой свечой	Ванильный торт с оранжевой свечой	Латинская c вместо кириллической с.	APPROVED	/root/rescripted_changes_review	Ванильный торт с оранжевой свечой	APPROVED_AS_IS
block:block.neapolitan.pink_adzuki_candle_cake	sha256:bd67cb22d951779ae6e1593ab64aea20776a811004a1769d17432b0fec7fc159	Адзуковый торт c розовой свечой	Адзуковый торт с розовой свечой	Латинская c вместо кириллической с.	APPROVED	/root/rescripted_changes_review	Адзуковый торт с розовой свечой	APPROVED_AS_IS
block:block.neapolitan.pink_banana_candle_cake	sha256:a37eff57d688b26d024ef5c8bff06bb009a2c425eb866377cfb2e882c38596de	Банановый торт c розовой свечой	Банановый торт с розовой свечой	Латинская c вместо кириллической с.	APPROVED	/root/rescripted_changes_review	Банановый торт с розовой свечой	APPROVED_AS_IS
block:block.neapolitan.pink_chocolate_candle_cake	sha256:43e55f886ca79ea80097fe44aec07057ac18b51266979ef0d0bfe3721c242394	Шоколадный торт c розовой свечой	Шоколадный торт с розовой свечой	Латинская c вместо кириллической с.	APPROVED	/root/rescripted_changes_review	Шоколадный торт с розовой свечой	APPROVED_AS_IS
block:block.neapolitan.pink_mint_candle_cake	sha256:45eaa366e0988b58df19017000288f7844698eec2f10ad509cead86f23bc8cde	Мятный торт c розовой свечой	Мятный торт с розовой свечой	Латинская c вместо кириллической с.	APPROVED	/root/rescripted_changes_review	Мятный торт с розовой свечой	APPROVED_AS_IS
block:block.neapolitan.pink_strawberry_candle_cake	sha256:4d4077b5d838e0c4d5770e7e3b9cffd0af76777d4377e01c4ec631e01c36b225	Клубничный торт c розовой свечой	Клубничный торт с розовой свечой	Латинская c вместо кириллической с.	APPROVED	/root/rescripted_changes_review	Клубничный торт с розовой свечой	APPROVED_AS_IS
block:block.neapolitan.pink_vanilla_candle_cake	sha256:c58a306ac91503069abaec38d244f8ff1c03cc533413680814eb9f31232d60fd	Ванильный торт c розовой свечой	Ванильный торт с розовой свечой	Латинская c вместо кириллической с.	APPROVED	/root/rescripted_changes_review	Ванильный торт с розовой свечой	APPROVED_AS_IS
block:block.neapolitan.purple_adzuki_candle_cake	sha256:64ca792ea1ad97b4a2c2bbdfc5b128ff7a8dccbc0b1356d4734cbd613fe41af8	Адзуковый торт c фиолетовой свечой	Адзуковый торт с фиолетовой свечой	Латинская c вместо кириллической с.	APPROVED	/root/rescripted_changes_review	Адзуковый торт с фиолетовой свечой	APPROVED_AS_IS
block:block.neapolitan.purple_banana_candle_cake	sha256:a9222914bf7799ebed0958912b90d62f97c28044150ea3b30e1a6af0ce7ed46b	Банановый торт c фиолетовой свечой	Банановый торт с фиолетовой свечой	Латинская c вместо кириллической с.	APPROVED	/root/rescripted_changes_review	Банановый торт с фиолетовой свечой	APPROVED_AS_IS
block:block.neapolitan.purple_chocolate_candle_cake	sha256:7ba34612595bb083c75bab91e20cacad254b737c9faed91f415fe74ac49b6380	Шоколадный торт c фиолетовой свечой	Шоколадный торт с фиолетовой свечой	Латинская c вместо кириллической с.	APPROVED	/root/rescripted_changes_review	Шоколадный торт с фиолетовой свечой	APPROVED_AS_IS
block:block.neapolitan.purple_mint_candle_cake	sha256:f16fd1fc9eb9f8cb881dbf41836073111f77450202bc4fa42261b0574a0b582b	Мятный торт c фиолетовой свечой	Мятный торт с фиолетовой свечой	Латинская c вместо кириллической с.	APPROVED	/root/rescripted_changes_review	Мятный торт с фиолетовой свечой	APPROVED_AS_IS
block:block.neapolitan.purple_strawberry_candle_cake	sha256:6c4269346af25d8ff42c2d781cb91821b4d56d0db5c22f0e0cac1101da3bdece	Клубничный торт c фиолетовой свечой	Клубничный торт с фиолетовой свечой	Латинская c вместо кириллической с.	APPROVED	/root/rescripted_changes_review	Клубничный торт с фиолетовой свечой	APPROVED_AS_IS
block:block.neapolitan.purple_vanilla_candle_cake	sha256:a02093c34ca805fb45d4c8e1ea980e35ca11c68ee5fc49b7a45b10bb67bf6eb1	Ванильный торт c фиолетовой свечой	Ванильный торт с фиолетовой свечой	Латинская c вместо кириллической с.	APPROVED	/root/rescripted_changes_review	Ванильный торт с фиолетовой свечой	APPROVED_AS_IS
block:block.neapolitan.red_adzuki_candle_cake	sha256:639d086e3c59d7aeda5e96cc0e33842c589717b5cc5c50378a11e9efa007e608	Адзуковый торт c красной свечой	Адзуковый торт с красной свечой	Латинская c вместо кириллической с.	APPROVED	/root/rescripted_changes_review	Адзуковый торт с красной свечой	APPROVED_AS_IS
block:block.neapolitan.red_banana_candle_cake	sha256:f8a6bb169a26a2012ff10549363ab09dde3347a5f48d1f17cd169074b546232f	Банановый торт c красной свечой	Банановый торт с красной свечой	Латинская c вместо кириллической с.	APPROVED	/root/rescripted_changes_review	Банановый торт с красной свечой	APPROVED_AS_IS
block:block.neapolitan.red_chocolate_candle_cake	sha256:d80f70105328448e7568c884b04e722846996e03d49faa9b4f300e3547468bd0	Шоколадный торт c красной свечой	Шоколадный торт с красной свечой	Латинская c вместо кириллической с.	APPROVED	/root/rescripted_changes_review	Шоколадный торт с красной свечой	APPROVED_AS_IS
block:block.neapolitan.red_mint_candle_cake	sha256:f7e01e86f4a34d824e0126c5b702a354003427a9d61086388cc2d8e5c34433a2	Мятный торт c красной свечой	Мятный торт с красной свечой	Латинская c вместо кириллической с.	APPROVED	/root/rescripted_changes_review	Мятный торт с красной свечой	APPROVED_AS_IS
block:block.neapolitan.red_strawberry_candle_cake	sha256:f8348c0e0939c4a3dec64b6b0b2028bcdb122468c2062f76753f019b3f7066bf	Клубничный торт c красной свечой	Клубничный торт с красной свечой	Латинская c вместо кириллической с.	APPROVED	/root/rescripted_changes_review	Клубничный торт с красной свечой	APPROVED_AS_IS
block:block.neapolitan.red_vanilla_candle_cake	sha256:e9ac6c3a644655eda0d9a6d17b022190359fa32e7d158ea7431303ca780aad70	Ванильный торт c красной свечой	Ванильный торт с красной свечой	Латинская c вместо кириллической с.	APPROVED	/root/rescripted_changes_review	Ванильный торт с красной свечой	APPROVED_AS_IS
block:block.neapolitan.white_adzuki_candle_cake	sha256:c1e5a78d1e5a66bbf1443b619165e9231c19c2ea2cfc3780d38ce07a18577bda	Адзуковый торт c белой свечой	Адзуковый торт с белой свечой	Латинская c вместо кириллической с.	APPROVED	/root/rescripted_changes_review	Адзуковый торт с белой свечой	APPROVED_AS_IS
block:block.neapolitan.white_banana_candle_cake	sha256:1eace302100f332e94b4ba282e23bf369b6fe0c9be8a96ca107bc38c89d498f6	Банановый торт c белой свечой	Банановый торт с белой свечой	Латинская c вместо кириллической с.	APPROVED	/root/rescripted_changes_review	Банановый торт с белой свечой	APPROVED_AS_IS
block:block.neapolitan.white_chocolate_candle_cake	sha256:b797afb2719b33410c3da1adcd9f08823e7cf61d6039cb38e74dd0ff783c4d17	Шоколадный торт c белой свечой	Шоколадный торт с белой свечой	Латинская c вместо кириллической с.	APPROVED	/root/rescripted_changes_review	Шоколадный торт с белой свечой	APPROVED_AS_IS
block:block.neapolitan.white_mint_candle_cake	sha256:f6039dadcee97696e49a14496206dc2b929db60c3cee746689ea782e3c3dfbb4	Мятный торт c белой свечой	Мятный торт с белой свечой	Латинская c вместо кириллической с.	APPROVED	/root/rescripted_changes_review	Мятный торт с белой свечой	APPROVED_AS_IS
block:block.neapolitan.white_strawberry_candle_cake	sha256:34f4de9c420c509c6a7bb734743eeeb20b5213039994ffa1a3ad3a7180703fc6	Клубничный торт c белой свечой	Клубничный торт с белой свечой	Латинская c вместо кириллической с.	APPROVED	/root/rescripted_changes_review	Клубничный торт с белой свечой	APPROVED_AS_IS
block:block.neapolitan.white_vanilla_candle_cake	sha256:bcf257e6a166348c4a6668a12e3ee558939ee89ab80888677830364befa5ec4c	Ванильный торт c белой свечой	Ванильный торт с белой свечой	Латинская c вместо кириллической с.	APPROVED	/root/rescripted_changes_review	Ванильный торт с белой свечой	APPROVED_AS_IS
block:block.neapolitan.yellow_adzuki_candle_cake	sha256:4b019972b65cdbd7ddc902e85ccf31908c4f2fea2b3e65ee3ebb48e71a96b7dc	Адзуковый торт c жёлтой свечой	Адзуковый торт с жёлтой свечой	Латинская c вместо кириллической с.	APPROVED	/root/rescripted_changes_review	Адзуковый торт с жёлтой свечой	APPROVED_AS_IS
block:block.neapolitan.yellow_banana_candle_cake	sha256:d06982a28dad6eb533d23615fcb6d4095b02a2273ba5c974ccc61b5012cf1550	Банановый торт c жёлтой свечой	Банановый торт с жёлтой свечой	Латинская c вместо кириллической с.	APPROVED	/root/rescripted_changes_review	Банановый торт с жёлтой свечой	APPROVED_AS_IS
block:block.neapolitan.yellow_chocolate_candle_cake	sha256:0bf8d1df0538ffef5560ffc987139e9cf0d57d3b303fbc7ac9ea7b550d93425a	Шоколадный торт c жёлтой свечой	Шоколадный торт с жёлтой свечой	Латинская c вместо кириллической с.	APPROVED	/root/rescripted_changes_review	Шоколадный торт с жёлтой свечой	APPROVED_AS_IS
block:block.neapolitan.yellow_mint_candle_cake	sha256:8ef5c2a65431805ecaacf99a2a7a9ace7dfe05fdb39ea3c0b5fbbd6137b556a5	Мятный торт c жёлтой свечой	Мятный торт с жёлтой свечой	Латинская c вместо кириллической с.	APPROVED	/root/rescripted_changes_review	Мятный торт с жёлтой свечой	APPROVED_AS_IS
block:block.neapolitan.yellow_strawberry_candle_cake	sha256:b0ba5f56402296d4812fd39c4ad32612503e1f376e1a646b8ce4413820dbe559	Клубничный торт c жёлтой свечой	Клубничный торт с жёлтой свечой	Латинская c вместо кириллической с.	APPROVED	/root/rescripted_changes_review	Клубничный торт с жёлтой свечой	APPROVED_AS_IS
block:block.neapolitan.yellow_vanilla_candle_cake	sha256:d72964799f3202972838fcd57c8409cd986639796eda95aab75fee81c98d2710	Ванильный торт c жёлтой свечой	Ванильный торт с жёлтой свечой	Латинская c вместо кириллической с.	APPROVED	/root/rescripted_changes_review	Ванильный торт с жёлтой свечой	APPROVED_AS_IS
block:block.storagedrawers.compacting_drawers_2	sha256:2faab2fe6dc80de996768abc6f6572cd6ed9f03575cc27b7fdd572d8e387a66f	Спрессовывающий ящик (2-уровень)	Спрессовывающий ящик (2 уровня)	Ненормативная форма количества.	APPROVED	/root/rescripted_changes_review	Спрессовывающий ящик (2 уровня)	APPROVED_AS_IS
block:block.storagedrawers.compacting_half_drawers_2	sha256:403f3380a15d662a6fd56bc45b485e11a72e00b0f727f6df3c396bf74ea0f03f	Спрессовывающий полуящик (2-уровень)	Спрессовывающий полуящик (2 уровня)	Ненормативная форма количества.	APPROVED	/root/rescripted_changes_review	Спрессовывающий полуящик (2 уровня)	APPROVED_AS_IS
block:block.storagedrawers.framed_compacting_half_drawers_2	sha256:c5246b64d02dfab04b4db45a162167fa3b0346228b193e10d085d661fdc90da3	Обрамлённый спрессовывающий полуящик (2-уровень)	Обрамлённый спрессовывающий полуящик (2 уровня)	Ненормативная форма количества.	APPROVED	/root/rescripted_changes_review	Обрамлённый спрессовывающий полуящик (2 уровня)	APPROVED_AS_IS
block:block.supplementaries.fine_wood	sha256:823b8a5c7652d6ef13295cc1d3b8bfe37e82d2696d56ed309719b27fa07b8bc4	Благородная деревесина	Благородная древесина	Орфографическая ошибка: «деревесина».	APPROVED	/root/rescripted_changes_review	Благородная древесина	APPROVED_AS_IS
block:block.supplementaries.fine_wood_slab	sha256:06bd83f4b7cfa2486000a0549ca8fed666546cdce393de28afcde23236227fc8	Плита из благородной деревесины	Плита из благородной древесины	Орфографическая ошибка: «деревесина».	APPROVED	/root/rescripted_changes_review	Плита из благородной древесины	APPROVED_AS_IS
block:block.supplementaries.fine_wood_stairs	sha256:958cae8f63846eac2552653314d4420a0f294409fbdb4a9b28cd0aa00cbc03ca	Ступеньки из благородной деревесины	Ступеньки из благородной древесины	Орфографическая ошибка: «деревесина».	APPROVED	/root/rescripted_changes_review	Ступеньки из благородной древесины	APPROVED_AS_IS
block:block.supplementaries.item_shelf	sha256:b566ddae75e34fec871ea1fb510941aa5ff24aafbcbf5eeba7577bc8257d4214	Дубовая полка	Полка для предметов	Утрачен смысл Item.	APPROVED	/root/rescripted_changes_review	Полка для предметов	APPROVED_AS_IS
block:block.tconstruct.greenheart_planks_slab	sha256:ce65e6c07a79d0322383d9ee12c4011d0b42b08002e9e34a037b11a003105da5	Плита из из зелёного сердца	Плита из зелёного сердца	Повтор предлога.	APPROVED	/root/rescripted_changes_review	Плита из зелёного сердца	APPROVED_AS_IS
block:block.tconstruct.molten_signalum_fluid	sha256:a797a1b0817142f841c8571b3443ddffc19c3b9974790178514e198f543ee00a	Расплавленный сигнал	Расплавленный сигналий	Термин Signalum согласован с семейством «сигналий».	APPROVED	/root/rescripted_changes_review	Расплавленный сигналий	APPROVED_AS_IS
block:block.tconstruct.scorched_road	sha256:39d2b950c623cceb7031d6f399018a196a7922550ef0ebfd7adce8e6344620a4	Выжженный дорожное покрытие	Выжженное дорожное покрытие	Нарушено согласование рода.	APPROVED	/root/rescripted_changes_review	Выжженное дорожное покрытие	APPROVED_AS_IS
block:block.tconstruct.seared_stone_stairs	sha256:9c2b0103c5a9128ba006fb1d7e35ad0fcc50b109ddd183d145c592bf66cf0ccd	Ступеньки из обожжёного камня	Ступеньки из обожжённого камня	Орфографическая ошибка в суффиксе.	APPROVED	/root/rescripted_changes_review	Ступеньки из обожжённого камня	APPROVED_AS_IS
block:block.tconstruct.sky_congealed_slime	sha256:ff94bda0d2c545358e297794eff35f25e1d011a296c7b3936de8e2cdc48e9f80	Застывший блок небесной слизи.	Застывший блок небесной слизи	Лишняя точка в названии.	APPROVED	/root/rescripted_changes_review	Застывший блок небесной слизи	APPROVED_AS_IS
block:block.thermal.dynamo_lapidary	sha256:c618a651adfe00cab559e0b1428f630c3ce5b0619cf3777cba7c3aafb550bd9c	Липидарный генератор	Лапидарный генератор	Орфографическая ошибка: «липидарный» вместо «лапидарный».	APPROVED	/root/rescripted_changes_review	Лапидарный генератор	APPROVED_AS_IS
block:block.thermal.dynamo_stirling	sha256:883d02d3e7c6fa490a173d1b9d2ea3bcf43f69d5d48cb49ba2234ddbdb49161e	Стирлинг генератор	Стирлинговый генератор	Ненормативное словосочетание; естественное русское название.	APPROVED	/root/rescripted_changes_review	Стирлинговый генератор	APPROVED_AS_IS
block:block.thermal.rubberwood_wall_hanging_sign	sha256:84feed22be28db741a111a87e9699f85db13ba2faab8ea83e2e1facf8f3cbd59	Подвесная табличка из каучукового дерева	Настенная подвесная табличка из каучукового дерева	Не переведён признак Wall.	APPROVED	/root/rescripted_changes_review	Настенная подвесная табличка из каучукового дерева	APPROVED_AS_IS
block:block.thermal.rubberwood_wall_sign	sha256:a5d4ef49eba41c534d8946ecb9d80e638d891f3b41201869e65267a113d88b09	Подвесная табличка из каучукового дерева	Настенная табличка из каучукового дерева	Не переведён признак Wall; добавлен лишний признак подвесной таблички.	APPROVED	/root/rescripted_changes_review	Настенная табличка из каучукового дерева	APPROVED_AS_IS
block:block.thermal.signalum_block	sha256:81be3fa3ee8e14f789c35910ccf67cd980b5a752c9ba021d78880e70dda98835	Сигналовый блок	Блок сигналия	Термин Signalum согласован с семейством «сигналий».	APPROVED	/root/rescripted_changes_review	Блок сигналия	APPROVED_AS_IS
block:block.thermal.tar_block	sha256:16094870d9a5f526c4d8387852b6b910784dc9c93d328992b00ff442b556e12d	Блок смолы	Блок гудрона	Tar переведён как resin; искажён материал.	APPROVED	/root/rescripted_changes_review	Блок гудрона	APPROVED_AS_IS
item:block.neapolitan.chocolate_brick_slab	sha256:08a286698d6b17795c9e430f136b878dafa53c2981c8ae42311346f4f0038c7a	Плита из шоколодных кирпичей	Плита из шоколадных кирпичей	Орфографическая ошибка: «шоколодных».	APPROVED	/root/rescripted_changes_review	Плита из шоколадных кирпичей	APPROVED_AS_IS
item:block.storagedrawers.compacting_drawers_2	sha256:2faab2fe6dc80de996768abc6f6572cd6ed9f03575cc27b7fdd572d8e387a66f	Спрессовывающий ящик (2-уровень)	Спрессовывающий ящик (2 уровня)	Ненормативная форма количества.	APPROVED	/root/rescripted_changes_review	Спрессовывающий ящик (2 уровня)	APPROVED_AS_IS
item:block.storagedrawers.compacting_half_drawers_2	sha256:403f3380a15d662a6fd56bc45b485e11a72e00b0f727f6df3c396bf74ea0f03f	Спрессовывающий полуящик (2-уровень)	Спрессовывающий полуящик (2 уровня)	Ненормативная форма количества.	APPROVED	/root/rescripted_changes_review	Спрессовывающий полуящик (2 уровня)	APPROVED_AS_IS
item:block.storagedrawers.framed_compacting_half_drawers_2	sha256:c5246b64d02dfab04b4db45a162167fa3b0346228b193e10d085d661fdc90da3	Обрамлённый спрессовывающий полуящик (2-уровень)	Обрамлённый спрессовывающий полуящик (2 уровня)	Ненормативная форма количества.	APPROVED	/root/rescripted_changes_review	Обрамлённый спрессовывающий полуящик (2 уровня)	APPROVED_AS_IS
item:block.supplementaries.fine_wood	sha256:823b8a5c7652d6ef13295cc1d3b8bfe37e82d2696d56ed309719b27fa07b8bc4	Благородная деревесина	Благородная древесина	Орфографическая ошибка: «деревесина».	APPROVED	/root/rescripted_changes_review	Благородная древесина	APPROVED_AS_IS
item:block.supplementaries.fine_wood_slab	sha256:06bd83f4b7cfa2486000a0549ca8fed666546cdce393de28afcde23236227fc8	Плита из благородной деревесины	Плита из благородной древесины	Орфографическая ошибка: «деревесина».	APPROVED	/root/rescripted_changes_review	Плита из благородной древесины	APPROVED_AS_IS
item:block.supplementaries.fine_wood_stairs	sha256:958cae8f63846eac2552653314d4420a0f294409fbdb4a9b28cd0aa00cbc03ca	Ступеньки из благородной деревесины	Ступеньки из благородной древесины	Орфографическая ошибка: «деревесина».	APPROVED	/root/rescripted_changes_review	Ступеньки из благородной древесины	APPROVED_AS_IS
item:block.supplementaries.item_shelf	sha256:b566ddae75e34fec871ea1fb510941aa5ff24aafbcbf5eeba7577bc8257d4214	Дубовая полка	Полка для предметов	Утрачен смысл Item.	APPROVED	/root/rescripted_changes_review	Полка для предметов	APPROVED_AS_IS
item:block.tconstruct.greenheart_planks_slab	sha256:ce65e6c07a79d0322383d9ee12c4011d0b42b08002e9e34a037b11a003105da5	Плита из из зелёного сердца	Плита из зелёного сердца	Повтор предлога.	APPROVED	/root/rescripted_changes_review	Плита из зелёного сердца	APPROVED_AS_IS
item:block.tconstruct.scorched_road	sha256:39d2b950c623cceb7031d6f399018a196a7922550ef0ebfd7adce8e6344620a4	Выжженный дорожное покрытие	Выжженное дорожное покрытие	Нарушено согласование рода.	APPROVED	/root/rescripted_changes_review	Выжженное дорожное покрытие	APPROVED_AS_IS
item:block.tconstruct.seared_stone_stairs	sha256:9c2b0103c5a9128ba006fb1d7e35ad0fcc50b109ddd183d145c592bf66cf0ccd	Ступеньки из обожжёного камня	Ступеньки из обожжённого камня	Орфографическая ошибка в суффиксе.	APPROVED	/root/rescripted_changes_review	Ступеньки из обожжённого камня	APPROVED_AS_IS
item:block.tconstruct.sky_congealed_slime	sha256:ff94bda0d2c545358e297794eff35f25e1d011a296c7b3936de8e2cdc48e9f80	Застывший блок небесной слизи.	Застывший блок небесной слизи	Лишняя точка в названии.	APPROVED	/root/rescripted_changes_review	Застывший блок небесной слизи	APPROVED_AS_IS
item:block.thermal.dynamo_lapidary	sha256:c618a651adfe00cab559e0b1428f630c3ce5b0619cf3777cba7c3aafb550bd9c	Липидарный генератор	Лапидарный генератор	Орфографическая ошибка: «липидарный» вместо «лапидарный».	APPROVED	/root/rescripted_changes_review	Лапидарный генератор	APPROVED_AS_IS
item:block.thermal.dynamo_stirling	sha256:883d02d3e7c6fa490a173d1b9d2ea3bcf43f69d5d48cb49ba2234ddbdb49161e	Стирлинг генератор	Стирлинговый генератор	Ненормативное словосочетание; естественное русское название.	APPROVED	/root/rescripted_changes_review	Стирлинговый генератор	APPROVED_AS_IS
item:block.thermal.signalum_block	sha256:81be3fa3ee8e14f789c35910ccf67cd980b5a752c9ba021d78880e70dda98835	Сигналовый блок	Блок сигналия	Термин Signalum согласован с семейством «сигналий».	APPROVED	/root/rescripted_changes_review	Блок сигналия	APPROVED_AS_IS
item:block.thermal.tar_block	sha256:16094870d9a5f526c4d8387852b6b910784dc9c93d328992b00ff442b556e12d	Блок смолы	Блок гудрона	Tar переведён как resin; искажён материал.	APPROVED	/root/rescripted_changes_review	Блок гудрона	APPROVED_AS_IS
item:item.storagedrawers.detached_drawer	sha256:6a1ca475a87af812ed63225eb3a3a86da5e0f42d6ca6952daec566209a788f32	Отсоединенный ящик	Отсоединённый ящик	Орфография: «ё» в причастии; согласовано с одноимённой записью.	APPROVED	/root/rescripted_changes_review	Отсоединённый ящик	APPROVED_AS_IS
item:item.storagedrawers.drawer_puller	sha256:7e3ac276470c9e973945e68e8484f75b54f8cded67c64b2e7c39b7edaa87d160	Съемник ящика	Съёмник ящика	Орфография: «ё» в существительном.	APPROVED	/root/rescripted_changes_review	Съёмник ящика	APPROVED_AS_IS
item:item.storagedrawers.remote_group_upgrade_bound	sha256:a88555039f10fb5593412c7089626d739e8a5c3edda03cd027c98b9f5afa1032	"Улучшение ""Удалённый доступ (Группа)"" (привязанные)"	"Улучшение ""Удалённый доступ (Группа)"" (привязанное)"	Нарушено согласование рода.	APPROVED	/root/rescripted_changes_review	"Улучшение ""Удалённый доступ (Группа)"" (привязанное)"	APPROVED_AS_IS
item:item.tconstruct.molten_gold_bucket	sha256:793a3175965f8c8c14f4f6f5f0fe82b12a57636b76a4944cb71b28d69c6beaf3	Ведро расплавленного золото	Ведро расплавленного золота	Неверный падеж существительного.	APPROVED	/root/rescripted_changes_review	Ведро расплавленного золота	APPROVED_AS_IS
item:item.tconstruct.molten_pewter_bucket	sha256:e8323ec1d97d30ec252e170080c7df93181bfa0c2996d813ba73c87bbecd95a5	Ведро расплавленно пьютера	Ведро расплавленного пьютера	Пропущено окончание причастия.	APPROVED	/root/rescripted_changes_review	Ведро расплавленного пьютера	APPROVED_AS_IS
item:item.tconstruct.molten_signalum_bucket	sha256:0c1292b38b3e4f34bd415e4e5725b425b0a85ce54a768544211bab5a15f9f85a	Ведро расплавленного сигнала	Ведро расплавленного сигналия	Термин Signalum согласован с семейством «сигналий».	APPROVED	/root/rescripted_changes_review	Ведро расплавленного сигналия	APPROVED_AS_IS
item:item.tconstruct.repair_kit_cast	sha256:25912bbbc0c9a3fd170f7bc63cef5813300167238ba159e0662b6b26b610506d	Золотая литейная форма: Ремонтный комлект	Золотая литейная форма: Ремонтный комплект	Орфографическая ошибка: «комлект».	APPROVED	/root/rescripted_changes_review	Золотая литейная форма: Ремонтный комплект	APPROVED_AS_IS
item:item.tconstruct.repair_kit_red_sand_cast	sha256:3657f677058fe3fd36e222be0067d3986a0bda0d8c59391c0f93c75f1395f2a4	Красная песочная литейная форма: Ремонтный комлект	Красная песочная литейная форма: Ремонтный комплект	Орфографическая ошибка: «комлект».	APPROVED	/root/rescripted_changes_review	Красная песочная литейная форма: Ремонтный комплект	APPROVED_AS_IS
item:item.tconstruct.repair_kit_sand_cast	sha256:c70bcebff07a9c59434ab0b41d78600fdd0f703fbba6687c81fb3dface185186	Песочная литейная форма: Ремонтный комлект	Песочная литейная форма: Ремонтный комплект	Орфографическая ошибка: «комлект».	APPROVED	/root/rescripted_changes_review	Песочная литейная форма: Ремонтный комплект	APPROVED_AS_IS
item:item.thermal.cooked_mushroom	sha256:d1fdf5d2674dce33fdbf3163ce4616fc94901077472daa1d27c9c21bab153337	Жареные гриб	Жареный гриб	Нарушено согласование числа.	APPROVED	/root/rescripted_changes_review	Жареный гриб	APPROVED_AS_IS
item:item.thermal.lock	sha256:2447fcfec88c61fde189804de5565193db23340e7300de566494d2c5a86f5350	Сигналовый замок	Сигналиевый замок	Термин Signalum согласован с семейством «сигналий».	APPROVED	/root/rescripted_changes_review	Сигналиевый замок	APPROVED_AS_IS
item:item.thermal.signalum_dust	sha256:422abb9e38e902a8bbd5cb972802a7fd204480e2df5cf14dabb62bd35f36f27c	Сигналовая смесь	Смесь сигналия	Термин Signalum согласован с семейством «сигналий».	APPROVED	/root/rescripted_changes_review	Смесь сигналия	APPROVED_AS_IS
