id	source_hash	source	verdict	recommendation
mantle-book:tconstruct:mighty_smelting:tools/tanks.json:/text/0/text	sha256:279c225b1aa44932167ef3c88758c420da1b476dff3bf5d4f8fb4e31b24e2cbb	Modifiers such as spitting, melting, and smashing will give the tool a tank. Fluid can be inserted or extracted by interacting with a tank while holding the tool. You can also fill and empty it in the smeltery GUI using the bucket slot (4) or by clicking a fluid in the tank (2) with the tool.	CHANGE	Модификаторы «Плевок», «Плавление» и «Разбивание» добавляют инструменту резервуар. Держа инструмент, заполняйте или опустошайте его через резервуар. В интерфейсе плавильни это также делается через слот ведра (4) или щелчком инструментом по жидкости в резервуаре (2).
patchouli-json:thermal:guidebook:entries/technology/machines/brewer.json:/pages/0/text	sha256:6e80b4b2a561afcac430e30b07242f4df7a735036007142edfdca58fee1293d3	The Alchemical Imbuer is a machine that brews potions. Creates $(l:thermal:technology/potion_fluid)potion fluid$(/l) as opposed to brewing directly in a bottle. One ingredient is enough to brew one potion bucket, which can fill 4 bottles.	CHANGE	Алхимическая зельеварка варит зелья. Она создаёт $(l:thermal:technology/potion_fluid)жидкое зелье$(/l) вместо того, чтобы варить его сразу в бутылочке. Одного ингредиента хватает на ведро зелья, которым можно наполнить 4 бутылочки.
patchouli-json:thermal:guidebook:entries/world/materials/catalysts.json:/pages/0/text	sha256:1774c7a90e98ff2c4bd126c7f452a8c1d60049c23423c312523848e1de7d9ee0	Catalysts are optional items consumed to improve the yield of certain recipes. Machines and their catalysts are listed on the next page with multipliers. The main outputs of a recipe are scaled by Primary. Secondary outputs are scaled by Secondary. The energy per operation is scaled by Energy. Finally, the odds a catalyst is consumed in an operation is indicated by the Usage chance.	CHANGE	Катализаторы — необязательные предметы, которые расходуются для повышения выхода некоторых рецептов. На следующей странице перечислены механизмы, катализаторы и их множители. Главные результаты рецепта умножаются на «Основное», второстепенные — на «Дополнительное», а энергия за операцию — на «Энергия». «Шанс использования» показывает вероятность расходования катализатора за операцию.
patchouli-lang:botania:botania.page.elfGear1	sha256:61f06f2a44fbea73de0cf8e1e8103335603398c9ec6d0e2f96fc0ed736dbc577	Each piece of armor will, when its bearer is harmed, have a chance to spawn a $(thing)Pixie$(0) to fly after the aggressor, dealing some decent damage.$(p)The more pieces of $(item)Elementium Armor$(0) equipped, the higher the chance becomes. Additionally, each of the tools in the set comes with its own unique ability.	CHANGE	При получении урона каждая часть брони может призвать $(thing)пикси$(0), которая полетит за нападавшим и нанесёт хороший урон.$(p)Чем больше надето частей $(item)элементиевой брони$(0), тем выше шанс. У каждого инструмента набора есть собственная способность.
patchouli-lang:botania:botania.page.elfGear2	sha256:f65f09795c81bfd4582ef623497b6a1ab66ab2d3d227b86197540209b838171c	First, the $(item)Elementium Pickaxe$(0) will clear away $(item)Cobblestone$(0), $(item)Dirt$(0), $(item)Netherrack$(0), and other common materials, leaving behind only ores and fine resources. Certain blocks are considered $(o)semi-disposable$(), meaning they won't be voided when broken while sneaking. $(p)Combining the $(item)Elementium Pickaxe$(0) with a $(l:tools/terra_pick)$(item)Terra Shatterer$(0)$(/l) in a crafting square allows for the latter to take on the former's power. This can't be undone.	CHANGE	$(item)Элементиевая кирка$(0) убирает $(item)булыжник$(0), $(item)землю$(0), $(item)незерак$(0) и другие обычные материалы, оставляя руды и ценные ресурсы. Некоторые блоки считаются $(o)условно расходуемыми$(): при добыче с зажатым Shift они не исчезают.$(p)Соедините $(item)элементиевую кирку$(0) с $(l:tools/terra_pick)$(item)терра-крушителем$(0)$(/l) на верстаке, чтобы передать способности первой второму. Это необратимо.
patchouli-lang:botania:botania.page.manaweave1	sha256:0906a2b2e4503da517783ffb09d95c03013e120530c4ec0ed5766a1ed2fd73be	Wearing the full set of $(item)Manaweave Robes$(0) also grants the wearer an increased proficiency with magical rods, increasing their powers and/or ranges.$(p)$(item)Manaweave Robes$(0) can use $(thing)Mana$(0) from one's inventory to repair themselves, similarly to $(item)Manasteel Armor$(0), but at a lower $(thing)Mana$(0) cost.	CHANGE	Полный комплект $(item)манатканного одеяния$(0) усиливает магические жезлы, повышая их силу и/или дальность.$(p)$(item)Манатканное одеяние$(0) чинит себя $(thing)маной$(0) из инвентаря владельца, как $(item)манастальная броня$(0), но расходует $(thing)маны$(0) меньше.
patchouli-lang:botania:botania.page.pistonRelay0	sha256:4ab5e97c09b9a4368bf438e37197589845f90d5952c85a067918ef93ba6a5dda	It seems that $(item)Pistons$(0) and $(thing)Mana$(0) react in strange ways. The former, when infused with the latter, becomes a $(item)Force Relay$(0), a block that tears the fabric of space. When one of these is pushed by a $(item)Piston$(0), the block it's bound to is pushed the exact same way.$(p)To bind it to a block, right-click it with a $(l:basics/wand)$(item)Wand of the Forest$(0)$(/l), then right-click on the block you want to bind it to.	CHANGE	$(item)Поршни$(0) и $(thing)мана$(0) взаимодействуют необычно: пропитанный маной поршень становится $(item)силовым реле$(0), разрывающим ткань пространства. Когда $(item)поршень$(0) толкает реле, так же сдвигается связанный с ним блок.$(p)Чтобы связать реле с блоком, нажмите по нему ПКМ $(l:basics/wand)$(item)жезлом леса$(0)$(/l), затем ПКМ по нужному блоку.
patchouli-lang:botania:botania.page.spreader12	sha256:e54a25c9f2ccae64ce31d1dfffdbdfc45ed27552d17acdc2d883dfedf38b2eb9	Similarly, right-clicking it while holding $(item)Scaffolding$(0) will surround it in a sturdy frame. This allows it to support fragile redstone components like buttons and levers on all sides. Redstone dust, repeaters, and similar can also be placed on top of it. This also seems to allow the spreader to entirely contain water placed inside it.$(p)Right-click while sneaking to remove the scaffolding again.	CHANGE	Удерживая $(item)подмостки$(0), нажмите ПКМ по распространителю, чтобы окружить его прочной рамой. Она позволяет размещать со всех сторон хрупкие редстоун-компоненты вроде кнопок и рычагов, а сверху — редстоуновую пыль, повторители и подобные элементы. Рама также удерживает воду внутри распространителя.$(p)Чтобы снять подмостки, нажмите ПКМ, удерживая Shift.
patchouli-lang:botania:botania.page.terraPick1	sha256:ba399dfd4e7bb812c9baf2d7c0c8e143c73728228fa371e8995d28597bfdb6c0	The amount of $(thing)Mana$(0) stored in the tool establishes its $(thing)Rank$(0). Ranks progress as follows: $(thing)D$(0), $(thing)C$(0), $(thing)B$(0), $(thing)A$(0), $(thing)S$(0), and $(thing)SS$(0), with $(thing)D$(0) being the lowest rank and $(thing)SS$(0) the highest.$(p)The amount of $(thing)Mana$(0) required to advance from rank to rank increases exponentially as the rank does. To advance from $(thing)D$(0) to $(thing)C$(0), for starters, a Shatterer requires just a few seconds of exposure to a $(l:mana/pool)$(item)Mana Pool$(0)$(/l).	CHANGE	Количество $(thing)маны$(0) в инструменте определяет его $(thing)ранг$(0). Ранги идут от $(thing)D$(0) через $(thing)C$(0), $(thing)B$(0), $(thing)A$(0), $(thing)S$(0) до $(thing)SS$(0): $(thing)D$(0) — низший, а $(thing)SS$(0) — высший ранг.$(p)Количество $(thing)маны$(0), нужное для перехода к следующему рангу, растёт экспоненциально. Для перехода с $(thing)D$(0) на $(thing)C$(0) крушителю достаточно побыть несколько секунд у $(l:mana/pool)$(item)бассейна маны$(0)$(/l).
block:block.actuallyadditions.black_quartz_brick_slab	sha256:897291069a07798fb0ce0346b41669fd9fba1e4828b4ad4a50f0ca7626bd7c05	Black Quartz Brick Slab	CHANGE	Плита из чёрных кварцевых кирпичей
block:block.actuallyadditions.black_quartz_brick_stair	sha256:1e552d89ad544f0c2f8766290904c8e84782e7551f224f6a8a3ee8b5f5f9278f	Black Quartz Brick Stairs	CHANGE	Ступеньки из чёрных кварцевых кирпичей
block:block.actuallyadditions.black_quartz_brick_wall	sha256:adeb60c666c65ad2d2742c6e56b2302a9b93fa4b52c095d25869b749243930ea	Black Quartz Brick Wall	CHANGE	Ограда из чёрных кварцевых кирпичей
block:block.actuallyadditions.empowered_diamatine_crystal_block	sha256:f341a5d297c39260204fed1c8abf15d4640ebfe0ad20c41a434e0d75ace05327	Empowered Diamatine Crystal Block	CHANGE	Усиленный кристальный блок Диаматина
block:block.actuallyadditions.empowered_emeradic_crystal_block	sha256:d90dac9a8b5635483200290dd7c3757751159f27050ff60eb8bc080e6f8bbdf9	Empowered Emeradic Crystal Block	CHANGE	Усиленный кристальный блок Эмерадиса
block:block.actuallyadditions.empowered_palis_crystal_block	sha256:c6abd7b0231c232a5bee07fe7cf2b38b712c0bafeb9f0dace04a3ef6fc880990	Empowered Palis Crystal Block	CHANGE	Усиленный кристальный блок Палиса
block:block.actuallyadditions.empowered_restonia_crystal_block	sha256:d4e8b2506ce6591c52b2008c88a75b186ed3af8d265ca48f64a0866dfe5040c6	Empowered Restonia Crystal Block	CHANGE	Усиленный кристальный блок Рестонии
block:block.actuallyadditions.empowered_void_crystal_block	sha256:7bc102a32954e0c02e39dbab7360f35a97516b4dd1c705a0f2e836b5fa9ab0e6	Empowered Void Crystal Block	CHANGE	Усиленный кристальный блок Пустоты
block:block.actuallyadditions.ethetic_green_stairs	sha256:d20cd69bed71ddc00b07314de0987918ff1d3253e27c8168072819360ed981cd	Ethetic Green Quartz Stairs	CHANGE	Декоративные ступеньки из зелёного кварца
block:block.actuallyadditions.ethetic_white_stairs	sha256:2d13b0c2ca60648b622981e286f7c4d9ad0f3398c2476c5e88d7c022f05ff449	Ethetic Quartz Stairs	CHANGE	Декоративные ступеньки из кварца
block:block.actuallyadditions.smooth_black_quartz_slab	sha256:3c3628bcfb1829672ce7a8d4d53551b1c28f75b3832e8957cb3447c6b00d41cb	Smooth Black Quartz Slab	CHANGE	Плита из гладкого чёрного кварца
block:block.actuallyadditions.smooth_black_quartz_stair	sha256:458ef49c378fe2f04e7407ab496c1572ca3da665456de155173260ed489dce88	Smooth Black Quartz Stairs	CHANGE	Ступеньки из гладкого чёрного кварца
block:block.actuallyadditions.smooth_black_quartz_wall	sha256:d63f8990fa6b96452e669511c28f8e3e3f6ab963bb85116df0a1d56d16f87746	Smooth Black Quartz Wall	CHANGE	Ограда из гладкого чёрного кварца
block:block.ae2.smooth_quartz_wall	sha256:6ba22b0e48b787fc914323fe8cb25d64701f9994f8a6730779536869fbcbde3c	Smooth Certus Quartz Wall	CHANGE	Гладкая стена из истинного кварца
block:block.beachparty.palm_wall_sign	sha256:c5124188c074e3aa3da275a751ae6db18899f1dc4fc1fb685660d02d1ff6f294	Palm Sign	CHANGE	Пальмовая табличка
block:block.dustrial_decor.sheet_metal_walling	sha256:e80113d6512948de1b2f65c8f14f955d63a9b258808f782dc798263ff7538190	Sheet Metal Walling	CHANGE	Облицовка из листового металла
block:block.escalated.wooden_narrow_escalator	sha256:4dc94367fcea6ce40d5f5621a527e9e0908665ab4b15ab849058d0c9b20ff6ae	Wooden Escalator	CHANGE	Деревянный эскалатор
block:block.immersiveengineering.slab_sheetmetal_electrum	sha256:bbeb486f7692f487a4a5594d00ed881d9fc1a6632e395ae931db58246b80faad	Electrum Sheetmetal Slab	CHANGE	Электрумовая плита из листового металла
item:block.actuallyadditions.black_quartz_brick_slab	sha256:897291069a07798fb0ce0346b41669fd9fba1e4828b4ad4a50f0ca7626bd7c05	Black Quartz Brick Slab	CHANGE	Плита из чёрных кварцевых кирпичей
item:block.actuallyadditions.black_quartz_brick_stair	sha256:1e552d89ad544f0c2f8766290904c8e84782e7551f224f6a8a3ee8b5f5f9278f	Black Quartz Brick Stairs	CHANGE	Ступеньки из чёрных кварцевых кирпичей
item:block.actuallyadditions.black_quartz_brick_wall	sha256:adeb60c666c65ad2d2742c6e56b2302a9b93fa4b52c095d25869b749243930ea	Black Quartz Brick Wall	CHANGE	Ограда из чёрных кварцевых кирпичей
item:block.actuallyadditions.empowered_diamatine_crystal_block	sha256:f341a5d297c39260204fed1c8abf15d4640ebfe0ad20c41a434e0d75ace05327	Empowered Diamatine Crystal Block	CHANGE	Усиленный кристальный блок Диаматина
item:block.actuallyadditions.empowered_emeradic_crystal_block	sha256:d90dac9a8b5635483200290dd7c3757751159f27050ff60eb8bc080e6f8bbdf9	Empowered Emeradic Crystal Block	CHANGE	Усиленный кристальный блок Эмерадиса
item:block.actuallyadditions.empowered_palis_crystal_block	sha256:c6abd7b0231c232a5bee07fe7cf2b38b712c0bafeb9f0dace04a3ef6fc880990	Empowered Palis Crystal Block	CHANGE	Усиленный кристальный блок Палиса
item:block.actuallyadditions.empowered_restonia_crystal_block	sha256:d4e8b2506ce6591c52b2008c88a75b186ed3af8d265ca48f64a0866dfe5040c6	Empowered Restonia Crystal Block	CHANGE	Усиленный кристальный блок Рестонии
item:block.actuallyadditions.empowered_void_crystal_block	sha256:7bc102a32954e0c02e39dbab7360f35a97516b4dd1c705a0f2e836b5fa9ab0e6	Empowered Void Crystal Block	CHANGE	Усиленный кристальный блок Пустоты
item:block.actuallyadditions.ethetic_green_stairs	sha256:d20cd69bed71ddc00b07314de0987918ff1d3253e27c8168072819360ed981cd	Ethetic Green Quartz Stairs	CHANGE	Декоративные ступеньки из зелёного кварца
item:block.actuallyadditions.ethetic_white_stairs	sha256:2d13b0c2ca60648b622981e286f7c4d9ad0f3398c2476c5e88d7c022f05ff449	Ethetic Quartz Stairs	CHANGE	Декоративные ступеньки из кварца
item:block.actuallyadditions.smooth_black_quartz_slab	sha256:3c3628bcfb1829672ce7a8d4d53551b1c28f75b3832e8957cb3447c6b00d41cb	Smooth Black Quartz Slab	CHANGE	Плита из гладкого чёрного кварца
item:block.actuallyadditions.smooth_black_quartz_stair	sha256:458ef49c378fe2f04e7407ab496c1572ca3da665456de155173260ed489dce88	Smooth Black Quartz Stairs	CHANGE	Ступеньки из гладкого чёрного кварца
item:block.actuallyadditions.smooth_black_quartz_wall	sha256:d63f8990fa6b96452e669511c28f8e3e3f6ab963bb85116df0a1d56d16f87746	Smooth Black Quartz Wall	CHANGE	Ограда из гладкого чёрного кварца
item:block.ae2.smooth_quartz_wall	sha256:6ba22b0e48b787fc914323fe8cb25d64701f9994f8a6730779536869fbcbde3c	Smooth Certus Quartz Wall	CHANGE	Гладкая стена из истинного кварца
item:block.dustrial_decor.sheet_metal_walling	sha256:e80113d6512948de1b2f65c8f14f955d63a9b258808f782dc798263ff7538190	Sheet Metal Walling	CHANGE	Облицовка из листового металла
item:block.immersiveengineering.slab_sheetmetal_electrum	sha256:bbeb486f7692f487a4a5594d00ed881d9fc1a6632e395ae931db58246b80faad	Electrum Sheetmetal Slab	CHANGE	Электрумовая плита из листового металла
item:item.actuallyadditions.crystallized_canola_seed	sha256:8ab7c3ed6f6a5cf4ee9e3a04ab294cdc7f69b2d3d64632bdc3b228e780095cc7	Crystallized Canola Seeds	CHANGE	Кристаллизированные семена канолы
item:item.actuallyadditions.drill_light_blue	sha256:a9ebea0ca61ebf391f49c48edfa8bb677d7268ed22508f109843185252465a1e	Light Blue Drill	CHANGE	Светло-синяя дрель
item:item.createaddition.electrum_rod	sha256:5aacd2ab4244d26994b80589b688cb553533ef3f620b0fef14fa8d6a2f2e0d73	Electrum Rod	CHANGE	Электрумовый стержень
item:item.createaddition.electrum_sheet	sha256:52387860ee4906021fc3ecb6342d4ae717e2c4da1f9f26678275be13b2720984	Electrum Sheet	CHANGE	Электрумовый лист
item:item.createaddition.electrum_spool	sha256:97c9998101157783c351bb70c41e1ed2272b9ec07845deaa7fd728d114f9aaf0	Electrum Spool	CHANGE	Электрумовая катушка
item:item.createaddition.electrum_wire	sha256:5ef18e2d800050f1cc4d33df09d7a7cac4a701a1ce2d4c7dec8aea84ff899531	Electrum Wire	CHANGE	Электрумовый провод
block:block.mekanism.antiprotonic_nucleosynthesizer	sha256:fbf3264dea4a3dc6faa5fe3da05b374524c5fd3b2a0708e60ee7159de479fcb7	Antiprotonic Nucleosynthesizer	CHANGE	Антипротонный нуклеосинтезатор
item:block.mekanism.antiprotonic_nucleosynthesizer	sha256:fbf3264dea4a3dc6faa5fe3da05b374524c5fd3b2a0708e60ee7159de479fcb7	Antiprotonic Nucleosynthesizer	CHANGE	Антипротонный нуклеосинтезатор
block:block.mekanism.resistive_heater	sha256:92a0742ec51365ae8aa2216bc01bd58a250e8efe2f16ccca252364dcba2d6375	Resistive Heater	CHANGE	Резистивный нагреватель
item:block.mekanism.resistive_heater	sha256:92a0742ec51365ae8aa2216bc01bd58a250e8efe2f16ccca252364dcba2d6375	Resistive Heater	CHANGE	Резистивный нагреватель
block:block.mekanism.steam	sha256:68956c8be0e4f5f91936a7cbd13e11522f856be27e16472ee6b545de89d4561c	Liquid Steam	CHANGE	Жидкий пар
item:item.mekanism.uranium_hexafluoride_bucket	sha256:01a67af66822ef3c7f29a13e3f6bab5b5ef253c198337f98e4cf6d8df5e2a47f	Liquid Uranium Hexafluoride Bucket	CHANGE	Ведро жидкого гексафторида урана
item:item.mekanism.uranium_oxide_bucket	sha256:7237812abedd88ed638fa807ffa5d00483ddad9f27d78327b6288a14d7b436a4	Liquid Uranium Oxide Bucket	CHANGE	Ведро жидкого оксида урана
item:item.musketmod.pistol	sha256:598ca21fb3ec32e06462112dc506fc703daaef1e75823be3e88023684d291170	Flintlock Pistol	CHANGE	Кремневый пистолет
block:block.neapolitan.black_adzuki_candle_cake	sha256:775b33321093d6d933b74c0571f8fcfd61988f4ad8ecb3a3d5e89aee98ad1ffb	Adzuki Cake with Black Candle	CHANGE	Адзуковый торт с чёрной свечой
block:block.neapolitan.black_banana_candle_cake	sha256:fceea946a3ae6abb204cf116f45c71ef40819bf2c96ec493a0f89d7f5860fd66	Banana Cake with Black Candle	CHANGE	Банановый торт с чёрной свечой
block:block.neapolitan.black_chocolate_candle_cake	sha256:943debdbbd4d6762061fdbba5a846b09ce910d1fa4bf0c32c1989e54878b9717	Chocolate Cake with Black Candle	CHANGE	Шоколадный торт с чёрной свечой
block:block.neapolitan.black_mint_candle_cake	sha256:0c506429d79818b9395992e1a1206007046ddc94856c39a1982af8041353e91e	Mint Cake with Black Candle	CHANGE	Мятный торт с чёрной свечой
block:block.neapolitan.black_strawberry_candle_cake	sha256:d0a5251fe40c57bdbf5cd32f7fae5ffbdf9c668cb133477c7adffe0f987d0062	Strawberry Cake with Black Candle	CHANGE	Клубничный торт с чёрной свечой
block:block.neapolitan.black_vanilla_candle_cake	sha256:0355a43230947cfa379eafaa7f2d3ff19cd44b54ae2e59f028ffdd931459bde6	Vanilla Cake with Black Candle	CHANGE	Ванильный торт с чёрной свечой
block:block.neapolitan.blue_adzuki_candle_cake	sha256:e7e0bd7775d08054be8f48b985c5a7f7cc08c1784d3f61089b6005dfdf801da0	Adzuki Cake with Blue Candle	CHANGE	Адзуковый торт с синей свечой
block:block.neapolitan.blue_banana_candle_cake	sha256:d6955461f48248543f56835e346b7b9e3ece31f560f5720649f9f74710c10d67	Banana Cake with Blue Candle	CHANGE	Банановый торт с синей свечой
block:block.neapolitan.blue_chocolate_candle_cake	sha256:bda91d3f8a35498b5fa1703db865c4c74dc84660021c2e2a79c149de0e4fb425	Chocolate Cake with Blue Candle	CHANGE	Шоколадный торт с синей свечой
block:block.neapolitan.blue_mint_candle_cake	sha256:6825ea58d6601d27d68b41dc4b1b843983efc4daf25b6e9dc28c58edff119e40	Mint Cake with Blue Candle	CHANGE	Мятный торт с синей свечой
block:block.neapolitan.blue_strawberry_candle_cake	sha256:4f8ff1ab84fdf0fd2a58dc9f1a443510cf4e2e27c2c1132f33335fe2f9ca61d6	Strawberry Cake with Blue Candle	CHANGE	Клубничный торт с синей свечой
block:block.neapolitan.blue_vanilla_candle_cake	sha256:77120f6799cc891b6f4a9bb8870478a03ba9e16fee44d112fb05111e09db0736	Vanilla Cake with Blue Candle	CHANGE	Ванильный торт с синей свечой
block:block.neapolitan.brown_adzuki_candle_cake	sha256:50463437a136355a755a9f1ae7004264b014a484c98cd2cdc0d08e28d0744c88	Adzuki Cake with Brown Candle	CHANGE	Адзуковый торт с коричневой свечой
block:block.neapolitan.brown_banana_candle_cake	sha256:96d3d3973b321682cc93065d0a5dc9f5e0f92a6ed03bc11a2d0a2a2a895d3d83	Banana Cake with Brown Candle	CHANGE	Банановый торт с коричневой свечой
block:block.neapolitan.brown_chocolate_candle_cake	sha256:fed45238f6344d4dc5189ed1446d90176b7329a43e41107a7bd7b47ea487149f	Chocolate Cake with Brown Candle	CHANGE	Шоколадный торт с коричневой свечой
block:block.neapolitan.brown_mint_candle_cake	sha256:65c0c685c651613f98c1f799198771e3889dda2410ac7c370ff6911afbcfb1c1	Mint Cake with Brown Candle	CHANGE	Мятный торт с коричневой свечой
block:block.neapolitan.brown_strawberry_candle_cake	sha256:1b2f0e124e61bba80e373d8edcd6fafd5ab87347cbd819e27c52d1a9b5d6dbfd	Strawberry Cake with Brown Candle	CHANGE	Клубничный торт с коричневой свечой
block:block.neapolitan.brown_vanilla_candle_cake	sha256:8659e17b90caae93cbdc1f0bf5ac11443733719fc56236fd165969563975ebbf	Vanilla Cake with Brown Candle	CHANGE	Ванильный торт с коричневой свечой
block:block.neapolitan.chocolate_brick_slab	sha256:08a286698d6b17795c9e430f136b878dafa53c2981c8ae42311346f4f0038c7a	Chocolate Brick Slab	CHANGE	Плита из шоколадных кирпичей
block:block.neapolitan.cyan_adzuki_candle_cake	sha256:073375fd0b77f29f4e4be5b91e1334fa5dfdc67afb363ffdbeafbf8073d79397	Adzuki Cake with Cyan Candle	CHANGE	Адзуковый торт с бирюзовой свечой
block:block.neapolitan.cyan_banana_candle_cake	sha256:7fef0f15857606b06828048b75cb156fd4f27b286d3d70ee4cd2ecd0460f322b	Banana Cake with Cyan Candle	CHANGE	Банановый торт с бирюзовой свечой
block:block.neapolitan.cyan_chocolate_candle_cake	sha256:0d638a90c92ddc5076e2c66f0ef9121f7d62fbdac0f638ac786cbd6d0653db9e	Chocolate Cake with Cyan Candle	CHANGE	Шоколадный торт с бирюзовой свечой
block:block.neapolitan.cyan_mint_candle_cake	sha256:8a4b4717eab5fd9b501f07f9074b5e98181b2ad98ea9054bb76169b924e5e292	Mint Cake with Cyan Candle	CHANGE	Мятный торт с бирюзовой свечой
block:block.neapolitan.cyan_strawberry_candle_cake	sha256:00a91a471e02ab9f7ef0ce1f4be7e24ec15701d6a8ed839a91bb3fa2380c6c40	Strawberry Cake with Cyan Candle	CHANGE	Клубничный торт с бирюзовой свечой
block:block.neapolitan.cyan_vanilla_candle_cake	sha256:d709b2c4669e73faae72cabc6d009d3e7bf409766af1260cab6b2a2c513d03b4	Vanilla Cake with Cyan Candle	CHANGE	Ванильный торт с бирюзовой свечой
block:block.neapolitan.gray_adzuki_candle_cake	sha256:82aef99a6f1a18efceb611d2106f27c5254d8171f97ecf426b9c19379e836e89	Adzuki Cake with Gray Candle	CHANGE	Адзуковый торт с серой свечой
block:block.neapolitan.gray_banana_candle_cake	sha256:74daa8f2e9773f79649f01218df270ee9e9625048d5fe68605fdaceaa69d36c5	Banana Cake with Gray Candle	CHANGE	Банановый торт с серой свечой
block:block.neapolitan.gray_chocolate_candle_cake	sha256:72ea5eec57af1d28b36406a827fd379379142fbbe1dc34e30447ae1c9b23defa	Chocolate Cake with Gray Candle	CHANGE	Шоколадный торт с серой свечой
block:block.neapolitan.gray_mint_candle_cake	sha256:6db66b50651268ae1195edf0f1ab4a9ef4d3ae161f569086fe7cf5588fc75c1f	Mint Cake with Gray Candle	CHANGE	Мятный торт с серой свечой
block:block.neapolitan.gray_strawberry_candle_cake	sha256:e1e2cdbcfb47ea1408a126e5cac4fe9d6d4e4b5d726dcd49077dc633b1c29c62	Strawberry Cake with Gray Candle	CHANGE	Клубничный торт с серой свечой
block:block.neapolitan.gray_vanilla_candle_cake	sha256:3e690dcbc2aa03f500e6239c0b0f719ed9c775cfd97682f67043f83e492771fa	Vanilla Cake with Gray Candle	CHANGE	Ванильный торт с серой свечой
block:block.neapolitan.green_adzuki_candle_cake	sha256:210b788a0d042f483d5fabc39f7db641ba4dd9de14bacbad6caff5d440f27f71	Adzuki Cake with Green Candle	CHANGE	Адзуковый торт с зелёной свечой
block:block.neapolitan.green_banana_candle_cake	sha256:a31c4f307e2c0f879dda92376868c3fc65fbd0a7fd7f94f8311ef8a9165a9812	Banana Cake with Green Candle	CHANGE	Банановый торт с зелёной свечой
block:block.neapolitan.green_chocolate_candle_cake	sha256:b82ff3d26fb0be5e426496bb89f8f32dc9cc05783e2b5cda7bc80989d0d6c5c6	Chocolate Cake with Green Candle	CHANGE	Шоколадный торт с зелёной свечой
block:block.neapolitan.green_mint_candle_cake	sha256:85c2e215ede6b4276a3cd509e698c098799b77ae0c019e46c84bce6b999da46a	Mint Cake with Green Candle	CHANGE	Мятный торт с зелёной свечой
block:block.neapolitan.green_strawberry_candle_cake	sha256:dfa0f07e4ce80cbb5b54e89d82ddc1ce08950c5bf20bebbe060a4fc863059b73	Strawberry Cake with Green Candle	CHANGE	Клубничный торт с зелёной свечой
block:block.neapolitan.green_vanilla_candle_cake	sha256:1be205007f11d0cf8b27c28bcaf23e68c81e57d9fb22c55bec0c7225651aff7d	Vanilla Cake with Green Candle	CHANGE	Ванильный торт с зелёной свечой
block:block.neapolitan.light_blue_adzuki_candle_cake	sha256:835d92fb092c8c7a5c138cab4a923da33cc5a794be9db56e17b1871105ace2c9	Adzuki Cake with Light Blue Candle	CHANGE	Адзуковый торт с голубой свечой
block:block.neapolitan.light_blue_banana_candle_cake	sha256:efb23347ae0fff0627af5db5264e807f5be1eb32dafd756f36bbf188376b47a6	Banana Cake with Light Blue Candle	CHANGE	Банановый торт с голубой свечой
block:block.neapolitan.light_blue_chocolate_candle_cake	sha256:cc44e911dc6634f8041bfe0574e470f7ab3a3ad417502f31acf5d61f5a944c78	Chocolate Cake with Light Blue Candle	CHANGE	Шоколадный торт с голубой свечой
block:block.neapolitan.light_blue_mint_candle_cake	sha256:38b35aad656f381e3d5c34877b8a71945d702be3556b397258137c9321da384b	Mint Cake with Light Blue Candle	CHANGE	Мятный торт с голубой свечой
block:block.neapolitan.light_blue_strawberry_candle_cake	sha256:c8b8f3a94e41a7624d1fe90ec51aed2be698ccfc1cf98dff7ecd260e3233fc2f	Strawberry Cake with Light Blue Candle	CHANGE	Клубничный торт с голубой свечой
block:block.neapolitan.light_blue_vanilla_candle_cake	sha256:15b80b7f7805daf7b6335fb96075d776e33dc25114ac25332fc8ca1c17085037	Vanilla Cake with Light Blue Candle	CHANGE	Ванильный торт с голубой свечой
block:block.neapolitan.lime_adzuki_candle_cake	sha256:44e7f0f85b04a7fbba79148a9b1b3d65d696012f93b6a001268ddd298d2f396f	Adzuki Cake with Lime Candle	CHANGE	Адзуковый торт с лаймовой свечой
block:block.neapolitan.lime_banana_candle_cake	sha256:d476368b16ebf0004f520c1871a428d8276b285fe42bfa02face4cb98d7aaf25	Banana Cake with Lime Candle	CHANGE	Банановый торт с лаймовой свечой
block:block.neapolitan.lime_chocolate_candle_cake	sha256:2044f788b87d8493641dc28bd7081e81b4e0f92527feb9ed692423b42083b1dc	Chocolate Cake with Lime Candle	CHANGE	Шоколадный торт с лаймовой свечой
block:block.neapolitan.lime_mint_candle_cake	sha256:62e864160683f0c8f289dfb6948e97d23b2f926fd016c0046e5e5124b0ecb9e0	Mint Cake with Lime Candle	CHANGE	Мятный торт с лаймовой свечой
block:block.neapolitan.lime_strawberry_candle_cake	sha256:e2431ec8bbd1a8f70eb82863aab02869f50ecdb381f4e20a64127564e293a5cb	Strawberry Cake with Lime Candle	CHANGE	Клубничный торт с лаймовой свечой
block:block.neapolitan.lime_vanilla_candle_cake	sha256:72d477d2854870f737658b02c839e3577f8a07fdbf3ae1b64de6d6ccdcec12c1	Vanilla Cake with Lime Candle	CHANGE	Ванильный торт с лаймовой свечой
block:block.neapolitan.magenta_adzuki_candle_cake	sha256:233b2e52edcd29e964d26cab90526c6b149813ddf3f8b4e536c1e4be1215e808	Adzuki Cake with Magenta Candle	CHANGE	Адзуковый торт с пурпурной свечой
block:block.neapolitan.magenta_banana_candle_cake	sha256:221086d972d3cca01406074b7744f27f63b89df5904be5554198da615afa6b30	Banana Cake with Magenta Candle	CHANGE	Банановый торт с пурпурной свечой
block:block.neapolitan.magenta_chocolate_candle_cake	sha256:bc61eb0d06d1ace8369be1345cc603db3e66aeb852b85e15f8e843f2714797d2	Chocolate Cake with Magenta Candle	CHANGE	Шоколадный торт с пурпурной свечой
block:block.neapolitan.magenta_mint_candle_cake	sha256:ad464cfd4991ab7accceeb2b9e9ff86b1c712258ce1d7e90ba7fd9aa46d914a0	Mint Cake with Magenta Candle	CHANGE	Мятный торт с пурпурной свечой
block:block.neapolitan.magenta_strawberry_candle_cake	sha256:6685a7d9e1ce87199dc4940b00f3ca40a3c55085f2dd04984d376451fcf3e7ff	Strawberry Cake with Magenta Candle	CHANGE	Клубничный торт с пурпурной свечой
block:block.neapolitan.magenta_vanilla_candle_cake	sha256:62cd8a83c5ac8057ac69e8076fafb42fe1560e1a7b3fcec4ada4c625394a67f4	Vanilla Cake with Magenta Candle	CHANGE	Ванильный торт с пурпурной свечой
block:block.neapolitan.orange_adzuki_candle_cake	sha256:0104e2d6a360c5a22b6e11fdda4c550a8e80edebf9ac0034aa742d3e27d42b38	Adzuki Cake with Orange Candle	CHANGE	Адзуковый торт с оранжевой свечой
block:block.neapolitan.orange_banana_candle_cake	sha256:be5fd9a48fe4d0e44cc4c5a815e43a7627222d3acef4b4cb54eda1c037ad623e	Banana Cake with Orange Candle	CHANGE	Банановый торт с оранжевой свечой
block:block.neapolitan.orange_chocolate_candle_cake	sha256:46c757ab6cb44d66bb5da9360d06fb6c91b9847f94a5dd5575a31b99c58b1318	Chocolate Cake with Orange Candle	CHANGE	Шоколадный торт с оранжевой свечой
block:block.neapolitan.orange_mint_candle_cake	sha256:7af25fd8dff9025286fae450c473638eabebea85097dfb06cd965711652da968	Mint Cake with Orange Candle	CHANGE	Мятный торт с оранжевой свечой
block:block.neapolitan.orange_strawberry_candle_cake	sha256:e311b089d658793d95a1f4491df24f1d915ab33418b67778e67493c487e6091f	Strawberry Cake with Orange Candle	CHANGE	Клубничный торт с оранжевой свечой
block:block.neapolitan.orange_vanilla_candle_cake	sha256:b487a6672d7c651da5c290ae842e13c65df11204bf310bf41607773b6edaa1dd	Vanilla Cake with Orange Candle	CHANGE	Ванильный торт с оранжевой свечой
block:block.neapolitan.pink_adzuki_candle_cake	sha256:bd67cb22d951779ae6e1593ab64aea20776a811004a1769d17432b0fec7fc159	Adzuki Cake with Pink Candle	CHANGE	Адзуковый торт с розовой свечой
block:block.neapolitan.pink_banana_candle_cake	sha256:a37eff57d688b26d024ef5c8bff06bb009a2c425eb866377cfb2e882c38596de	Banana Cake with Pink Candle	CHANGE	Банановый торт с розовой свечой
block:block.neapolitan.pink_chocolate_candle_cake	sha256:43e55f886ca79ea80097fe44aec07057ac18b51266979ef0d0bfe3721c242394	Chocolate Cake with Pink Candle	CHANGE	Шоколадный торт с розовой свечой
block:block.neapolitan.pink_mint_candle_cake	sha256:45eaa366e0988b58df19017000288f7844698eec2f10ad509cead86f23bc8cde	Mint Cake with Pink Candle	CHANGE	Мятный торт с розовой свечой
block:block.neapolitan.pink_strawberry_candle_cake	sha256:4d4077b5d838e0c4d5770e7e3b9cffd0af76777d4377e01c4ec631e01c36b225	Strawberry Cake with Pink Candle	CHANGE	Клубничный торт с розовой свечой
block:block.neapolitan.pink_vanilla_candle_cake	sha256:c58a306ac91503069abaec38d244f8ff1c03cc533413680814eb9f31232d60fd	Vanilla Cake with Pink Candle	CHANGE	Ванильный торт с розовой свечой
block:block.neapolitan.purple_adzuki_candle_cake	sha256:64ca792ea1ad97b4a2c2bbdfc5b128ff7a8dccbc0b1356d4734cbd613fe41af8	Adzuki Cake with Purple Candle	CHANGE	Адзуковый торт с фиолетовой свечой
block:block.neapolitan.purple_banana_candle_cake	sha256:a9222914bf7799ebed0958912b90d62f97c28044150ea3b30e1a6af0ce7ed46b	Banana Cake with Purple Candle	CHANGE	Банановый торт с фиолетовой свечой
block:block.neapolitan.purple_chocolate_candle_cake	sha256:7ba34612595bb083c75bab91e20cacad254b737c9faed91f415fe74ac49b6380	Chocolate Cake with Purple Candle	CHANGE	Шоколадный торт с фиолетовой свечой
block:block.neapolitan.purple_mint_candle_cake	sha256:f16fd1fc9eb9f8cb881dbf41836073111f77450202bc4fa42261b0574a0b582b	Mint Cake with Purple Candle	CHANGE	Мятный торт с фиолетовой свечой
block:block.neapolitan.purple_strawberry_candle_cake	sha256:6c4269346af25d8ff42c2d781cb91821b4d56d0db5c22f0e0cac1101da3bdece	Strawberry Cake with Purple Candle	CHANGE	Клубничный торт с фиолетовой свечой
block:block.neapolitan.purple_vanilla_candle_cake	sha256:a02093c34ca805fb45d4c8e1ea980e35ca11c68ee5fc49b7a45b10bb67bf6eb1	Vanilla Cake with Purple Candle	CHANGE	Ванильный торт с фиолетовой свечой
block:block.neapolitan.red_adzuki_candle_cake	sha256:639d086e3c59d7aeda5e96cc0e33842c589717b5cc5c50378a11e9efa007e608	Adzuki Cake with Red Candle	CHANGE	Адзуковый торт с красной свечой
block:block.neapolitan.red_banana_candle_cake	sha256:f8a6bb169a26a2012ff10549363ab09dde3347a5f48d1f17cd169074b546232f	Banana Cake with Red Candle	CHANGE	Банановый торт с красной свечой
block:block.neapolitan.red_chocolate_candle_cake	sha256:d80f70105328448e7568c884b04e722846996e03d49faa9b4f300e3547468bd0	Chocolate Cake with Red Candle	CHANGE	Шоколадный торт с красной свечой
block:block.neapolitan.red_mint_candle_cake	sha256:f7e01e86f4a34d824e0126c5b702a354003427a9d61086388cc2d8e5c34433a2	Mint Cake with Red Candle	CHANGE	Мятный торт с красной свечой
block:block.neapolitan.red_strawberry_candle_cake	sha256:f8348c0e0939c4a3dec64b6b0b2028bcdb122468c2062f76753f019b3f7066bf	Strawberry Cake with Red Candle	CHANGE	Клубничный торт с красной свечой
block:block.neapolitan.red_vanilla_candle_cake	sha256:e9ac6c3a644655eda0d9a6d17b022190359fa32e7d158ea7431303ca780aad70	Vanilla Cake with Red Candle	CHANGE	Ванильный торт с красной свечой
block:block.neapolitan.white_adzuki_candle_cake	sha256:c1e5a78d1e5a66bbf1443b619165e9231c19c2ea2cfc3780d38ce07a18577bda	Adzuki Cake with White Candle	CHANGE	Адзуковый торт с белой свечой
block:block.neapolitan.white_banana_candle_cake	sha256:1eace302100f332e94b4ba282e23bf369b6fe0c9be8a96ca107bc38c89d498f6	Banana Cake with White Candle	CHANGE	Банановый торт с белой свечой
block:block.neapolitan.white_chocolate_candle_cake	sha256:b797afb2719b33410c3da1adcd9f08823e7cf61d6039cb38e74dd0ff783c4d17	Chocolate Cake with White Candle	CHANGE	Шоколадный торт с белой свечой
block:block.neapolitan.white_mint_candle_cake	sha256:f6039dadcee97696e49a14496206dc2b929db60c3cee746689ea782e3c3dfbb4	Mint Cake with White Candle	CHANGE	Мятный торт с белой свечой
block:block.neapolitan.white_strawberry_candle_cake	sha256:34f4de9c420c509c6a7bb734743eeeb20b5213039994ffa1a3ad3a7180703fc6	Strawberry Cake with White Candle	CHANGE	Клубничный торт с белой свечой
block:block.neapolitan.white_vanilla_candle_cake	sha256:bcf257e6a166348c4a6668a12e3ee558939ee89ab80888677830364befa5ec4c	Vanilla Cake with White Candle	CHANGE	Ванильный торт с белой свечой
block:block.neapolitan.yellow_adzuki_candle_cake	sha256:4b019972b65cdbd7ddc902e85ccf31908c4f2fea2b3e65ee3ebb48e71a96b7dc	Adzuki Cake with Yellow Candle	CHANGE	Адзуковый торт с жёлтой свечой
block:block.neapolitan.yellow_banana_candle_cake	sha256:d06982a28dad6eb533d23615fcb6d4095b02a2273ba5c974ccc61b5012cf1550	Banana Cake with Yellow Candle	CHANGE	Банановый торт с жёлтой свечой
block:block.neapolitan.yellow_chocolate_candle_cake	sha256:0bf8d1df0538ffef5560ffc987139e9cf0d57d3b303fbc7ac9ea7b550d93425a	Chocolate Cake with Yellow Candle	CHANGE	Шоколадный торт с жёлтой свечой
block:block.neapolitan.yellow_mint_candle_cake	sha256:8ef5c2a65431805ecaacf99a2a7a9ace7dfe05fdb39ea3c0b5fbbd6137b556a5	Mint Cake with Yellow Candle	CHANGE	Мятный торт с жёлтой свечой
block:block.neapolitan.yellow_strawberry_candle_cake	sha256:b0ba5f56402296d4812fd39c4ad32612503e1f376e1a646b8ce4413820dbe559	Strawberry Cake with Yellow Candle	CHANGE	Клубничный торт с жёлтой свечой
block:block.neapolitan.yellow_vanilla_candle_cake	sha256:d72964799f3202972838fcd57c8409cd986639796eda95aab75fee81c98d2710	Vanilla Cake with Yellow Candle	CHANGE	Ванильный торт с жёлтой свечой
block:block.storagedrawers.compacting_drawers_2	sha256:2faab2fe6dc80de996768abc6f6572cd6ed9f03575cc27b7fdd572d8e387a66f	Compacting Drawers (2-Tier)	CHANGE	Спрессовывающий ящик (2 уровня)
block:block.storagedrawers.compacting_half_drawers_2	sha256:403f3380a15d662a6fd56bc45b485e11a72e00b0f727f6df3c396bf74ea0f03f	Compacting Half Drawers (2-Tier)	CHANGE	Спрессовывающий полуящик (2 уровня)
block:block.storagedrawers.framed_compacting_half_drawers_2	sha256:c5246b64d02dfab04b4db45a162167fa3b0346228b193e10d085d661fdc90da3	Framed Compacting Half Drawers (2-Tier)	CHANGE	Обрамлённый спрессовывающий полуящик (2 уровня)
block:block.supplementaries.fine_wood	sha256:823b8a5c7652d6ef13295cc1d3b8bfe37e82d2696d56ed309719b27fa07b8bc4	Fine Wood	CHANGE	Благородная древесина
block:block.supplementaries.fine_wood_slab	sha256:06bd83f4b7cfa2486000a0549ca8fed666546cdce393de28afcde23236227fc8	Fine Wood Slab	CHANGE	Плита из благородной древесины
block:block.supplementaries.fine_wood_stairs	sha256:958cae8f63846eac2552653314d4420a0f294409fbdb4a9b28cd0aa00cbc03ca	Fine Wood Stairs	CHANGE	Ступеньки из благородной древесины
block:block.supplementaries.item_shelf	sha256:b566ddae75e34fec871ea1fb510941aa5ff24aafbcbf5eeba7577bc8257d4214	Item Shelf	CHANGE	Полка для предметов
block:block.tconstruct.greenheart_planks_slab	sha256:ce65e6c07a79d0322383d9ee12c4011d0b42b08002e9e34a037b11a003105da5	Greenheart Slab	CHANGE	Плита из зелёного сердца
block:block.tconstruct.molten_signalum_fluid	sha256:a797a1b0817142f841c8571b3443ddffc19c3b9974790178514e198f543ee00a	Molten Signalum	CHANGE	Расплавленный сигналий
block:block.tconstruct.scorched_road	sha256:39d2b950c623cceb7031d6f399018a196a7922550ef0ebfd7adce8e6344620a4	Scorched Road	CHANGE	Выжженное дорожное покрытие
block:block.tconstruct.seared_stone_stairs	sha256:9c2b0103c5a9128ba006fb1d7e35ad0fcc50b109ddd183d145c592bf66cf0ccd	Seared Stone Stairs	CHANGE	Ступеньки из обожжённого камня
block:block.tconstruct.sky_congealed_slime	sha256:ff94bda0d2c545358e297794eff35f25e1d011a296c7b3936de8e2cdc48e9f80	Congealed Skyslime Block	CHANGE	Застывший блок небесной слизи
block:block.thermal.dynamo_lapidary	sha256:c618a651adfe00cab559e0b1428f630c3ce5b0619cf3777cba7c3aafb550bd9c	Lapidary Dynamo	CHANGE	Лапидарный генератор
block:block.thermal.dynamo_stirling	sha256:883d02d3e7c6fa490a173d1b9d2ea3bcf43f69d5d48cb49ba2234ddbdb49161e	Stirling Dynamo	CHANGE	Стирлинговый генератор
block:block.thermal.rubberwood_wall_hanging_sign	sha256:84feed22be28db741a111a87e9699f85db13ba2faab8ea83e2e1facf8f3cbd59	Rubberwood Wall Hanging Sign	CHANGE	Настенная подвесная табличка из каучукового дерева
block:block.thermal.rubberwood_wall_sign	sha256:a5d4ef49eba41c534d8946ecb9d80e638d891f3b41201869e65267a113d88b09	Rubberwood Wall Sign	CHANGE	Настенная табличка из каучукового дерева
block:block.thermal.signalum_block	sha256:81be3fa3ee8e14f789c35910ccf67cd980b5a752c9ba021d78880e70dda98835	Block of Signalum	CHANGE	Блок сигналия
block:block.thermal.tar_block	sha256:16094870d9a5f526c4d8387852b6b910784dc9c93d328992b00ff442b556e12d	Block of Tar	CHANGE	Блок гудрона
item:block.neapolitan.chocolate_brick_slab	sha256:08a286698d6b17795c9e430f136b878dafa53c2981c8ae42311346f4f0038c7a	Chocolate Brick Slab	CHANGE	Плита из шоколадных кирпичей
item:block.storagedrawers.compacting_drawers_2	sha256:2faab2fe6dc80de996768abc6f6572cd6ed9f03575cc27b7fdd572d8e387a66f	Compacting Drawers (2-Tier)	CHANGE	Спрессовывающий ящик (2 уровня)
item:block.storagedrawers.compacting_half_drawers_2	sha256:403f3380a15d662a6fd56bc45b485e11a72e00b0f727f6df3c396bf74ea0f03f	Compacting Half Drawers (2-Tier)	CHANGE	Спрессовывающий полуящик (2 уровня)
item:block.storagedrawers.framed_compacting_half_drawers_2	sha256:c5246b64d02dfab04b4db45a162167fa3b0346228b193e10d085d661fdc90da3	Framed Compacting Half Drawers (2-Tier)	CHANGE	Обрамлённый спрессовывающий полуящик (2 уровня)
item:block.supplementaries.fine_wood	sha256:823b8a5c7652d6ef13295cc1d3b8bfe37e82d2696d56ed309719b27fa07b8bc4	Fine Wood	CHANGE	Благородная древесина
item:block.supplementaries.fine_wood_slab	sha256:06bd83f4b7cfa2486000a0549ca8fed666546cdce393de28afcde23236227fc8	Fine Wood Slab	CHANGE	Плита из благородной древесины
item:block.supplementaries.fine_wood_stairs	sha256:958cae8f63846eac2552653314d4420a0f294409fbdb4a9b28cd0aa00cbc03ca	Fine Wood Stairs	CHANGE	Ступеньки из благородной древесины
item:block.supplementaries.item_shelf	sha256:b566ddae75e34fec871ea1fb510941aa5ff24aafbcbf5eeba7577bc8257d4214	Item Shelf	CHANGE	Полка для предметов
item:block.tconstruct.greenheart_planks_slab	sha256:ce65e6c07a79d0322383d9ee12c4011d0b42b08002e9e34a037b11a003105da5	Greenheart Slab	CHANGE	Плита из зелёного сердца
item:block.tconstruct.scorched_road	sha256:39d2b950c623cceb7031d6f399018a196a7922550ef0ebfd7adce8e6344620a4	Scorched Road	CHANGE	Выжженное дорожное покрытие
item:block.tconstruct.seared_stone_stairs	sha256:9c2b0103c5a9128ba006fb1d7e35ad0fcc50b109ddd183d145c592bf66cf0ccd	Seared Stone Stairs	CHANGE	Ступеньки из обожжённого камня
item:block.tconstruct.sky_congealed_slime	sha256:ff94bda0d2c545358e297794eff35f25e1d011a296c7b3936de8e2cdc48e9f80	Congealed Skyslime Block	CHANGE	Застывший блок небесной слизи
item:block.thermal.dynamo_lapidary	sha256:c618a651adfe00cab559e0b1428f630c3ce5b0619cf3777cba7c3aafb550bd9c	Lapidary Dynamo	CHANGE	Лапидарный генератор
item:block.thermal.dynamo_stirling	sha256:883d02d3e7c6fa490a173d1b9d2ea3bcf43f69d5d48cb49ba2234ddbdb49161e	Stirling Dynamo	CHANGE	Стирлинговый генератор
item:block.thermal.signalum_block	sha256:81be3fa3ee8e14f789c35910ccf67cd980b5a752c9ba021d78880e70dda98835	Block of Signalum	CHANGE	Блок сигналия
item:block.thermal.tar_block	sha256:16094870d9a5f526c4d8387852b6b910784dc9c93d328992b00ff442b556e12d	Block of Tar	CHANGE	Блок гудрона
item:item.storagedrawers.detached_drawer	sha256:6a1ca475a87af812ed63225eb3a3a86da5e0f42d6ca6952daec566209a788f32	Detached Drawer	CHANGE	Отсоединённый ящик
item:item.storagedrawers.drawer_puller	sha256:7e3ac276470c9e973945e68e8484f75b54f8cded67c64b2e7c39b7edaa87d160	Drawer Puller	CHANGE	Съёмник ящика
item:item.storagedrawers.remote_group_upgrade_bound	sha256:a88555039f10fb5593412c7089626d739e8a5c3edda03cd027c98b9f5afa1032	Remote Group Upgrade	CHANGE	"Улучшение ""Удалённый доступ (Группа)"" (привязанное)"
item:item.tconstruct.molten_gold_bucket	sha256:793a3175965f8c8c14f4f6f5f0fe82b12a57636b76a4944cb71b28d69c6beaf3	Molten Gold Bucket	CHANGE	Ведро расплавленного золота
item:item.tconstruct.molten_pewter_bucket	sha256:e8323ec1d97d30ec252e170080c7df93181bfa0c2996d813ba73c87bbecd95a5	Molten Pewter Bucket	CHANGE	Ведро расплавленного пьютера
item:item.tconstruct.molten_signalum_bucket	sha256:0c1292b38b3e4f34bd415e4e5725b425b0a85ce54a768544211bab5a15f9f85a	Molten Signalum Bucket	CHANGE	Ведро расплавленного сигналия
item:item.tconstruct.repair_kit_cast	sha256:25912bbbc0c9a3fd170f7bc63cef5813300167238ba159e0662b6b26b610506d	Repair Kit Gold Cast	CHANGE	Золотая литейная форма: Ремонтный комплект
item:item.tconstruct.repair_kit_red_sand_cast	sha256:3657f677058fe3fd36e222be0067d3986a0bda0d8c59391c0f93c75f1395f2a4	Repair Kit Red Sand Cast	CHANGE	Красная песочная литейная форма: Ремонтный комплект
item:item.tconstruct.repair_kit_sand_cast	sha256:c70bcebff07a9c59434ab0b41d78600fdd0f703fbba6687c81fb3dface185186	Repair Kit Sand Cast	CHANGE	Песочная литейная форма: Ремонтный комплект
item:item.thermal.cooked_mushroom	sha256:d1fdf5d2674dce33fdbf3163ce4616fc94901077472daa1d27c9c21bab153337	Roasted Mushroom	CHANGE	Жареный гриб
item:item.thermal.lock	sha256:2447fcfec88c61fde189804de5565193db23340e7300de566494d2c5a86f5350	Signalum Security Lock	CHANGE	Сигналиевый замок
item:item.thermal.signalum_dust	sha256:422abb9e38e902a8bbd5cb972802a7fd204480e2df5cf14dabb62bd35f36f27c	Signalum Blend	CHANGE	Смесь сигналия
