"id"	"source_hash"	"old_translation"	"new_translation"	"reason"	"independent_review"
"ie-manual:immersiveengineering:lightning_rod.txt:line:4"	"sha256:8815ad4cf0316879c54495fc73102e95428afdf090db700cffa59b091f20292c"	"При ударе по стальному столбу огромное количество энергии накапливается в основании Молниеотвода, а затем медленно распределяется по энергетическим выходам по бокам."	"При ударе по стальному столбу огромное количество энергии накапливается в основании Молниеотвода, а затем медленно распределяется по боковым энергетическим выходам."	"Ошибочный PASS: повтор «по ... по» ухудшает естественность."	"APPROVED"
"mantle-book:tconstruct:materials_and_you:intro/storage.json:/text/1/text"	"sha256:26563f8e0274aedfe344bcdd4a71c38b3925f19b0cc384adc1078259aa951b4a"	"Ящики для частей позволяют хранить множество дополнительных частей, которые у Вас могут быть. В каждом слоте можно хранить не более 8 частей. Если Вам нужно больше, значит, Вы что-то делаете неправильно или у Вас очень запутанные рецепты."	"Ящики для частей позволяют хранить множество дополнительных частей, которые у вас могут быть. В каждом слоте можно хранить не более 8 частей. Если вам нужно больше, значит, вы что-то делаете неправильно или у вас очень запутанные рецепты."	"Полное повторное редакторское чтение: исправлены смысл, грамматика, пунктуация и неестественные обороты; технические токены сохранены."	"APPROVED"
"mantle-book:tconstruct:mighty_smelting:abilities/armor/boots/tconstruct_double_jump.json:/text/0/text"	"sha256:3212d740535f43f0d3446f24bcf55fc30f74aef654e0848d10d1ffa0f1780e9d"	"Распрыжка повысит Ваши навыки и сделает Вас намного лучше в игре. Для достижения максимального эффекта не забудьте немного попрыгать."	"Распрыжка прокачивает ваши навыки и делает вас гораздо лучше в игре. Для максимального эффекта не забывайте иногда полежать."	"Исправлено по исчерпывающему заключению checkpoint-review."	"APPROVED"
"mantle-book:tconstruct:mighty_smelting:abilities/armor/boots/tconstruct_pathing.json:/effects/0"	"sha256:32ab9174035796acc4c32602a5838a3fcf57da983a708d3b729334b9260929c6"	"Создает дорожки во время ходьбы."	"Создаёт дорожки, пока вы идёте."	"Ошибочный PASS: неестественная формулировка и пропущено ё."	"APPROVED"
"mantle-book:tconstruct:puny_smelting:introduction/thruul.json:/text/0/text"	"sha256:779530d4c38e5a33da0c5e40a601e9038f4658858df8aaa1520c13c453c21ab2"	"Ладно, теперь, когда Вы закончили возиться с этими слабыми материалами, которые, по мнению Селены вы должны были использовать, настало время для НАСТОЯЩИХ ЛИТЕЙНЫХ МАТЕРИАЛОВ, ТАКИХ КАК МЕТАЛЛ."	"Ладно, теперь, когда вы закончили возиться со слабыми материалами, которыми, по мнению Селены, вам следовало пользоваться, пора перейти к НАСТОЯЩИМ ЛИТЕЙНЫМ МАТЕРИАЛАМ, ТАКИМ КАК МЕТАЛЛ."	"Полное повторное редакторское чтение: исправлены смысл, грамматика, пунктуация и неестественные обороты; технические токены сохранены."	"APPROVED"
"mantle-book:tconstruct:puny_smelting:movingfluids/channel2.json:/text/1/text"	"sha256:cf4f878637a09fc12b35f71a08f73f301ad902e169622d9452f34774d206b2d3"	"Внутри каналов есть стрелочки, которые показывают направление движения жидкости. Нажатием ПКМ по сторонам каналов, можно переключить их между режимами входа, выхода или заблокировать. Нажав ПКМ по середине канала, Вы установите его на выход, непосредственно, под себя, если там имеется ёмкость для жидкостей.  Каналы не могут перемещать жидкость вверх."	"Внутри каналов есть стрелки, показывающие направление движения жидкости. Нажимая ПКМ по сторонам канала, можно переключать его между входом, выходом и отключённым состоянием. Нажмите ПКМ по середине канала, чтобы направить жидкость прямо вниз, если под ним есть подходящая ёмкость. Каналы не передают жидкость вверх."	"Лишний пробел, неверное управление и неестественный порядок слов."	"APPROVED"
"mantle-book:tconstruct:puny_smelting:slotless/slotless.json:/text/0/text"	"sha256:6417aa942cf8e3b3f670811d0ac6f44ac68bd052fa4d8c1bb3a28b9809131f5d"	"Закончились слоты? Хорошие новости: все модификаторы в этом разделе не требуют слотов для применения, а некоторые даже могут дать Вам ещё больше слотов!"	"Закончились слоты? Хорошие новости: все модификаторы в этом разделе не требуют слотов для применения, а некоторые даже могут дать вам ещё больше слотов!"	"Полное повторное редакторское чтение: исправлены смысл, грамматика, пунктуация и неестественные обороты; технические токены сохранены."	"APPROVED"
"mantle-book:tconstruct:puny_smelting:upgrades/armor/general/tconstruct_springy.json:/text/0/text"	"sha256:ef69a4bf2853c405e447d954aca06da6989b84a6d73aff42ce436e088ecfa42f"	"Отлетая, враги дают Вам достаточно времени, чтобы развернуться и убежать, или подлечиться"	"Отбрасывая врагов, вы получаете достаточно времени, чтобы развернуться, убежать или подлечиться."	"Деепричастный оборот без естественной связи и пропущена точка."	"APPROVED"
"mantle-book:tconstruct:puny_smelting:upgrades/harvest/tconstruct_hydraulic.json:/text/0/text"	"sha256:2da90422464c9505bcc9c34be091b9ba8d4a6c84e7bbe423b85f90e022448172"	"Используя магию насосов и жидкостей, Вы можете с лёгкостью перемещать предметы. Я имею в виду, что это возможно, но не в вашем случае."	"Используя магию насосов и жидкостей, вы можете с лёгкостью перемещать предметы. Я имею в виду, что это возможно, но не в вашем случае."	"Полное повторное редакторское чтение: исправлены смысл, грамматика, пунктуация и неестественные обороты; технические токены сохранены."	"APPROVED"
"mantle-book:tconstruct:puny_smelting:upgrades/melee.json:/text/0/text"	"sha256:7fa30eb16c386104b2459d26b1bcbff7d576ca8572679a792c48d21aa4933f69"	"Возможно, с помощью этих улучшений Вы сможете выковать самое сильное оружие из всех существующих. Конечно, какое оружие Вы выберете, зависит только от Вас."	"Возможно, с помощью этих улучшений вы сможете выковать самое сильное оружие из всех существующих. Конечно, какое оружие вы выберете, зависит только от вас."	"Полное повторное редакторское чтение: исправлены смысл, грамматика, пунктуация и неестественные обороты; технические токены сохранены."	"APPROVED"
"mantle-book:tconstruct:puny_smelting:upgrades/melee.json:/text/1/text"	"sha256:62c4863916bceff9cd57d797b2c9a7552dbf567f0de878a74db7b4dbe77b4fde"	"Эти улучшения могут расширить возможности вашего оружия, увеличить урон, наносимый вами в целом, конкретным мобам или и тем, и другим. Выбор за Вами."	"Эти улучшения могут раскрыть потенциал оружия ближнего боя, увеличить общий урон, урон по определённым мобам или и то и другое. Выбор за вами."	"Исправлено по исчерпывающему заключению checkpoint-review."	"APPROVED"
"mantle-book:tconstruct:tinkers_gadgetry:exploration/grass_seeds.json:/text/0/text"	"sha256:49bff5d976a080b96315a4b573e6c85044e98d6905014d938fb3bacbdb76c4db"	"Иногда, исследуя подземелья или крепости в Незере, я находил в сундуках слизневые семена. Я не знаю их происхождения, но если посадить их на обычный или слизневый дёрн, получится слизневый дёрн такого же качества, как если бы Вы пересадили его с одного из островов. Я также видел в этих сундуках слизневые саженцы, так что, возможно, Вы можете получить всю флору островов, ни разу не побывав на одном из них."	"Иногда, исследуя подземелья или крепости в Незере, я находил в сундуках слизневые семена. Я не знаю их происхождения, но если посадить их на обычный или слизневый дёрн, получится слизневый дёрн такого же качества, как если бы вы пересадили его с одного из островов. Я также видел в этих сундуках слизневые саженцы, так что, возможно, вы можете получить всю флору островов, ни разу не побывав на одном из них."	"Полное повторное редакторское чтение: исправлены смысл, грамматика, пунктуация и неестественные обороты; технические токены сохранены."	"APPROVED"
"mantle-book:tconstruct:tinkers_gadgetry:gadgets/piggybackpack.json:/text/0/text"	"sha256:bfb21f54bed5a3043ff5ddb6f4598ada981af81884a5212b20fbcbbefb8a399a"	"Используя свино-рюкзак на мобе, вы можете поднять его, чтобы он прокатился на Вас, что идеально подходит, когда ваша свинья устает во время долгих путешествий. В них также удобно подбрасывать монстров в плавильню. Я успешно носил до 3 свин-рюкзаков одновременно, хотя с таким количеством наездников трудно ходить."	"Свино-рюкзак позволяет поднять моба и посадить его себе на спину — удобно, когда свинья устала в долгом пути. В такие рюкзаки также удобно бросать монстров в плавильню. Мне удавалось носить до трёх свино-рюкзаков сразу, хотя ходить с таким количеством седоков непросто."	"Неверное управление «используя ... на мобе» и неестественная фраза."	"APPROVED"
